<?xml version="1.0" encoding="UTF-8"?>
<annotation>
  <filename>100_57.jpg</filename>
  <size>
    <width>277</width>
    <height>416</height>
    <depth>3</depth>
  </size>
  <segmented>0</segmented>
  <object>
    <name>闭眼</name>
    <truncated>0</truncated>
    <difficult>0</difficult>
    <occluded>0</occluded>
    <bndbox>
      <xmin>142</xmin>
      <ymin>160</ymin>
      <xmax>155</xmax>
      <ymax>185</ymax>
    </bndbox>
  </object>
  <object>
    <name>闭眼</name>
    <truncated>0</truncated>
    <difficult>0</difficult>
    <occluded>0</occluded>
    <bndbox>
      <xmin>131</xmin>
      <ymin>200</ymin>
      <xmax>145</xmax>
      <ymax>224</ymax>
    </bndbox>
  </object>
</annotation>