<?xml version="1.0" encoding="UTF-8"?>
<annotation>
  <filename>100_344.jpg</filename>
  <size>
    <width>277</width>
    <height>416</height>
    <depth>3</depth>
  </size>
  <segmented>0</segmented>
  <object>
    <name>闭眼</name>
    <truncated>0</truncated>
    <difficult>0</difficult>
    <occluded>0</occluded>
    <bndbox>
      <xmin>141</xmin>
      <ymin>163</ymin>
      <xmax>154</xmax>
      <ymax>183</ymax>
    </bndbox>
  </object>
  <object>
    <name>闭眼</name>
    <truncated>0</truncated>
    <difficult>0</difficult>
    <occluded>0</occluded>
    <bndbox>
      <xmin>130</xmin>
      <ymin>199</ymin>
      <xmax>144</xmax>
      <ymax>224</ymax>
    </bndbox>
  </object>
</annotation>