<?xml version="1.0" encoding="UTF-8"?>
<annotation>
  <filename>102_368.jpg</filename>
  <size>
    <width>416</width>
    <height>277</height>
    <depth>3</depth>
  </size>
  <segmented>0</segmented>
  <object>
    <name>闭眼</name>
    <truncated>0</truncated>
    <difficult>0</difficult>
    <occluded>0</occluded>
    <bndbox>
      <xmin>168</xmin>
      <ymin>95</ymin>
      <xmax>192</xmax>
      <ymax>120</ymax>
    </bndbox>
  </object>
  <object>
    <name>闭眼</name>
    <truncated>0</truncated>
    <difficult>0</difficult>
    <occluded>0</occluded>
    <bndbox>
      <xmin>190</xmin>
      <ymin>61</ymin>
      <xmax>206</xmax>
      <ymax>91</ymax>
    </bndbox>
  </object>
</annotation>