<?xml version="1.0" encoding="UTF-8"?>
<annotation>
  <filename>102_58.jpg</filename>
  <size>
    <width>416</width>
    <height>277</height>
    <depth>3</depth>
  </size>
  <segmented>0</segmented>
  <object>
    <name>闭眼</name>
    <truncated>0</truncated>
    <difficult>0</difficult>
    <occluded>0</occluded>
    <bndbox>
      <xmin>170</xmin>
      <ymin>94</ymin>
      <xmax>190</xmax>
      <ymax>121</ymax>
    </bndbox>
  </object>
  <object>
    <name>闭眼</name>
    <truncated>0</truncated>
    <difficult>0</difficult>
    <occluded>0</occluded>
    <bndbox>
      <xmin>190</xmin>
      <ymin>64</ymin>
      <xmax>207</xmax>
      <ymax>87</ymax>
    </bndbox>
  </object>
</annotation>