<?xml version="1.0" encoding="UTF-8"?>
<annotation>
  <filename>104_59.jpg</filename>
  <size>
    <width>416</width>
    <height>208</height>
    <depth>3</depth>
  </size>
  <segmented>0</segmented>
  <object>
    <name>闭眼</name>
    <truncated>0</truncated>
    <difficult>0</difficult>
    <occluded>0</occluded>
    <bndbox>
      <xmin>207</xmin>
      <ymin>51</ymin>
      <xmax>251</xmax>
      <ymax>84</ymax>
    </bndbox>
  </object>
  <object>
    <name>闭眼</name>
    <truncated>0</truncated>
    <difficult>0</difficult>
    <occluded>0</occluded>
    <bndbox>
      <xmin>293</xmin>
      <ymin>56</ymin>
      <xmax>344</xmax>
      <ymax>85</ymax>
    </bndbox>
  </object>
</annotation>