<?xml version="1.0" encoding="UTF-8"?>
<annotation>
  <filename>105_370.jpg</filename>
  <size>
    <width>277</width>
    <height>416</height>
    <depth>3</depth>
  </size>
  <segmented>0</segmented>
  <object>
    <name>闭眼</name>
    <truncated>0</truncated>
    <difficult>0</difficult>
    <occluded>0</occluded>
    <bndbox>
      <xmin>6</xmin>
      <ymin>87</ymin>
      <xmax>101</xmax>
      <ymax>148</ymax>
    </bndbox>
  </object>
  <object>
    <name>闭眼</name>
    <truncated>0</truncated>
    <difficult>0</difficult>
    <occluded>0</occluded>
    <bndbox>
      <xmin>170</xmin>
      <ymin>87</ymin>
      <xmax>262</xmax>
      <ymax>143</ymax>
    </bndbox>
  </object>
</annotation>