<?xml version="1.0" encoding="UTF-8"?>
<annotation>
  <filename>105_60.jpg</filename>
  <size>
    <width>277</width>
    <height>416</height>
    <depth>3</depth>
  </size>
  <segmented>0</segmented>
  <object>
    <name>闭眼</name>
    <truncated>0</truncated>
    <difficult>0</difficult>
    <occluded>0</occluded>
    <bndbox>
      <xmin>18</xmin>
      <ymin>93</ymin>
      <xmax>99</xmax>
      <ymax>149</ymax>
    </bndbox>
  </object>
  <object>
    <name>闭眼</name>
    <truncated>0</truncated>
    <difficult>0</difficult>
    <occluded>0</occluded>
    <bndbox>
      <xmin>179</xmin>
      <ymin>91</ymin>
      <xmax>256</xmax>
      <ymax>146</ymax>
    </bndbox>
  </object>
</annotation>