<?xml version="1.0" encoding="UTF-8"?>
<annotation>
  <filename>106_61.jpg</filename>
  <size>
    <width>416</width>
    <height>294</height>
    <depth>3</depth>
  </size>
  <segmented>0</segmented>
  <object>
    <name>闭眼</name>
    <truncated>0</truncated>
    <difficult>0</difficult>
    <occluded>0</occluded>
    <bndbox>
      <xmin>158</xmin>
      <ymin>122</ymin>
      <xmax>194</xmax>
      <ymax>148</ymax>
    </bndbox>
  </object>
  <object>
    <name>闭眼</name>
    <truncated>0</truncated>
    <difficult>0</difficult>
    <occluded>0</occluded>
    <bndbox>
      <xmin>216</xmin>
      <ymin>123</ymin>
      <xmax>250</xmax>
      <ymax>146</ymax>
    </bndbox>
  </object>
</annotation>