<?xml version="1.0" encoding="UTF-8"?>
<annotation>
  <filename>106_369.jpg</filename>
  <size>
    <width>416</width>
    <height>294</height>
    <depth>3</depth>
  </size>
  <segmented>0</segmented>
  <object>
    <name>闭眼</name>
    <truncated>0</truncated>
    <difficult>0</difficult>
    <occluded>0</occluded>
    <bndbox>
      <xmin>161</xmin>
      <ymin>126</ymin>
      <xmax>193</xmax>
      <ymax>148</ymax>
    </bndbox>
  </object>
  <object>
    <name>闭眼</name>
    <truncated>0</truncated>
    <difficult>0</difficult>
    <occluded>0</occluded>
    <bndbox>
      <xmin>217</xmin>
      <ymin>126</ymin>
      <xmax>253</xmax>
      <ymax>144</ymax>
    </bndbox>
  </object>
</annotation>