<?xml version="1.0" encoding="UTF-8"?>
<annotation>
  <filename>107_371.jpg</filename>
  <size>
    <width>416</width>
    <height>277</height>
    <depth>3</depth>
  </size>
  <segmented>0</segmented>
  <object>
    <name>闭眼</name>
    <truncated>0</truncated>
    <difficult>0</difficult>
    <occluded>0</occluded>
    <bndbox>
      <xmin>120</xmin>
      <ymin>47</ymin>
      <xmax>150</xmax>
      <ymax>77</ymax>
    </bndbox>
  </object>
  <object>
    <name>闭眼</name>
    <truncated>0</truncated>
    <difficult>0</difficult>
    <occluded>0</occluded>
    <bndbox>
      <xmin>175</xmin>
      <ymin>69</ymin>
      <xmax>235</xmax>
      <ymax>111</ymax>
    </bndbox>
  </object>
</annotation>