<?xml version="1.0" encoding="UTF-8"?>
<annotation>
  <filename>107_62.jpg</filename>
  <size>
    <width>416</width>
    <height>277</height>
    <depth>3</depth>
  </size>
  <segmented>0</segmented>
  <object>
    <name>闭眼</name>
    <truncated>0</truncated>
    <difficult>0</difficult>
    <occluded>0</occluded>
    <bndbox>
      <xmin>118</xmin>
      <ymin>45</ymin>
      <xmax>153</xmax>
      <ymax>76</ymax>
    </bndbox>
  </object>
  <object>
    <name>闭眼</name>
    <truncated>0</truncated>
    <difficult>0</difficult>
    <occluded>0</occluded>
    <bndbox>
      <xmin>180</xmin>
      <ymin>64</ymin>
      <xmax>240</xmax>
      <ymax>113</ymax>
    </bndbox>
  </object>
</annotation>