<?xml version="1.0" encoding="UTF-8"?>
<annotation>
  <filename>108_64.jpg</filename>
  <size>
    <width>416</width>
    <height>277</height>
    <depth>3</depth>
  </size>
  <segmented>0</segmented>
  <object>
    <name>闭眼</name>
    <truncated>0</truncated>
    <difficult>0</difficult>
    <occluded>0</occluded>
    <bndbox>
      <xmin>158</xmin>
      <ymin>105</ymin>
      <xmax>180</xmax>
      <ymax>122</ymax>
    </bndbox>
  </object>
  <object>
    <name>闭眼</name>
    <truncated>0</truncated>
    <difficult>0</difficult>
    <occluded>0</occluded>
    <bndbox>
      <xmin>180</xmin>
      <ymin>86</ymin>
      <xmax>200</xmax>
      <ymax>106</ymax>
    </bndbox>
  </object>
</annotation>