<?xml version="1.0" encoding="UTF-8"?>
<annotation>
  <filename>111_374.jpg</filename>
  <size>
    <width>276</width>
    <height>416</height>
    <depth>3</depth>
  </size>
  <segmented>0</segmented>
  <object>
    <name>闭眼</name>
    <truncated>0</truncated>
    <difficult>0</difficult>
    <occluded>0</occluded>
    <bndbox>
      <xmin>73</xmin>
      <ymin>177</ymin>
      <xmax>112</xmax>
      <ymax>205</ymax>
    </bndbox>
  </object>
  <object>
    <name>闭眼</name>
    <truncated>0</truncated>
    <difficult>0</difficult>
    <occluded>0</occluded>
    <bndbox>
      <xmin>141</xmin>
      <ymin>195</ymin>
      <xmax>181</xmax>
      <ymax>221</ymax>
    </bndbox>
  </object>
</annotation>