<?xml version="1.0" encoding="UTF-8"?>
<annotation>
  <filename>111_65.jpg</filename>
  <size>
    <width>276</width>
    <height>416</height>
    <depth>3</depth>
  </size>
  <segmented>0</segmented>
  <object>
    <name>闭眼</name>
    <truncated>0</truncated>
    <difficult>0</difficult>
    <occluded>0</occluded>
    <bndbox>
      <xmin>63</xmin>
      <ymin>171</ymin>
      <xmax>106</xmax>
      <ymax>205</ymax>
    </bndbox>
  </object>
  <object>
    <name>闭眼</name>
    <truncated>0</truncated>
    <difficult>0</difficult>
    <occluded>0</occluded>
    <bndbox>
      <xmin>138</xmin>
      <ymin>189</ymin>
      <xmax>179</xmax>
      <ymax>219</ymax>
    </bndbox>
  </object>
</annotation>