<?xml version="1.0" encoding="UTF-8"?>
<annotation>
  <filename>112_372.jpg</filename>
  <size>
    <width>416</width>
    <height>310</height>
    <depth>3</depth>
  </size>
  <segmented>0</segmented>
  <object>
    <name>闭眼</name>
    <truncated>0</truncated>
    <difficult>0</difficult>
    <occluded>0</occluded>
    <bndbox>
      <xmin>38</xmin>
      <ymin>132</ymin>
      <xmax>160</xmax>
      <ymax>210</ymax>
    </bndbox>
  </object>
  <object>
    <name>闭眼</name>
    <truncated>0</truncated>
    <difficult>0</difficult>
    <occluded>0</occluded>
    <bndbox>
      <xmin>249</xmin>
      <ymin>136</ymin>
      <xmax>389</xmax>
      <ymax>199</ymax>
    </bndbox>
  </object>
</annotation>