<?xml version="1.0" encoding="UTF-8"?>
<annotation>
  <filename>112_67.jpg</filename>
  <size>
    <width>416</width>
    <height>310</height>
    <depth>3</depth>
  </size>
  <segmented>0</segmented>
  <object>
    <name>闭眼</name>
    <truncated>0</truncated>
    <difficult>0</difficult>
    <occluded>0</occluded>
    <bndbox>
      <xmin>28</xmin>
      <ymin>133</ymin>
      <xmax>161</xmax>
      <ymax>208</ymax>
    </bndbox>
  </object>
  <object>
    <name>闭眼</name>
    <truncated>0</truncated>
    <difficult>0</difficult>
    <occluded>0</occluded>
    <bndbox>
      <xmin>243</xmin>
      <ymin>117</ymin>
      <xmax>384</xmax>
      <ymax>204</ymax>
    </bndbox>
  </object>
</annotation>