<?xml version="1.0" encoding="UTF-8"?>
<annotation>
  <filename>114_66.jpg</filename>
  <size>
    <width>416</width>
    <height>270</height>
    <depth>3</depth>
  </size>
  <segmented>0</segmented>
  <object>
    <name>闭眼</name>
    <truncated>0</truncated>
    <difficult>0</difficult>
    <occluded>0</occluded>
    <bndbox>
      <xmin>77</xmin>
      <ymin>46</ymin>
      <xmax>143</xmax>
      <ymax>94</ymax>
    </bndbox>
  </object>
  <object>
    <name>闭眼</name>
    <truncated>0</truncated>
    <difficult>0</difficult>
    <occluded>0</occluded>
    <bndbox>
      <xmin>185</xmin>
      <ymin>81</ymin>
      <xmax>256</xmax>
      <ymax>130</ymax>
    </bndbox>
  </object>
</annotation>