<?xml version="1.0" encoding="UTF-8"?>
<annotation>
  <filename>114_373.jpg</filename>
  <size>
    <width>416</width>
    <height>270</height>
    <depth>3</depth>
  </size>
  <segmented>0</segmented>
  <object>
    <name>闭眼</name>
    <truncated>0</truncated>
    <difficult>0</difficult>
    <occluded>0</occluded>
    <bndbox>
      <xmin>71</xmin>
      <ymin>47</ymin>
      <xmax>139</xmax>
      <ymax>94</ymax>
    </bndbox>
  </object>
  <object>
    <name>闭眼</name>
    <truncated>0</truncated>
    <difficult>0</difficult>
    <occluded>0</occluded>
    <bndbox>
      <xmin>189</xmin>
      <ymin>84</ymin>
      <xmax>250</xmax>
      <ymax>132</ymax>
    </bndbox>
  </object>
</annotation>