<?xml version="1.0" encoding="UTF-8"?>
<annotation>
  <filename>116_375.jpg</filename>
  <size>
    <width>416</width>
    <height>277</height>
    <depth>3</depth>
  </size>
  <segmented>0</segmented>
  <object>
    <name>闭眼</name>
    <truncated>0</truncated>
    <difficult>0</difficult>
    <occluded>0</occluded>
    <bndbox>
      <xmin>181</xmin>
      <ymin>71</ymin>
      <xmax>200</xmax>
      <ymax>82</ymax>
    </bndbox>
  </object>
  <object>
    <name>闭眼</name>
    <truncated>0</truncated>
    <difficult>0</difficult>
    <occluded>0</occluded>
    <bndbox>
      <xmin>215</xmin>
      <ymin>72</ymin>
      <xmax>238</xmax>
      <ymax>87</ymax>
    </bndbox>
  </object>
</annotation>