<?xml version="1.0" encoding="UTF-8"?>
<annotation>
  <filename>116_68.jpg</filename>
  <size>
    <width>416</width>
    <height>277</height>
    <depth>3</depth>
  </size>
  <segmented>0</segmented>
  <object>
    <name>闭眼</name>
    <truncated>0</truncated>
    <difficult>0</difficult>
    <occluded>0</occluded>
    <bndbox>
      <xmin>178</xmin>
      <ymin>68</ymin>
      <xmax>202</xmax>
      <ymax>86</ymax>
    </bndbox>
  </object>
  <object>
    <name>闭眼</name>
    <truncated>0</truncated>
    <difficult>0</difficult>
    <occluded>0</occluded>
    <bndbox>
      <xmin>216</xmin>
      <ymin>69</ymin>
      <xmax>242</xmax>
      <ymax>87</ymax>
    </bndbox>
  </object>
</annotation>