<?xml version="1.0" encoding="UTF-8"?>
<annotation>
  <filename>117_70.jpg</filename>
  <size>
    <width>276</width>
    <height>416</height>
    <depth>3</depth>
  </size>
  <segmented>0</segmented>
  <object>
    <name>闭眼</name>
    <truncated>0</truncated>
    <difficult>0</difficult>
    <occluded>0</occluded>
    <bndbox>
      <xmin>29</xmin>
      <ymin>86</ymin>
      <xmax>89</xmax>
      <ymax>135</ymax>
    </bndbox>
  </object>
  <object>
    <name>闭眼</name>
    <truncated>0</truncated>
    <difficult>0</difficult>
    <occluded>0</occluded>
    <bndbox>
      <xmin>151</xmin>
      <ymin>116</ymin>
      <xmax>244</xmax>
      <ymax>183</ymax>
    </bndbox>
  </object>
</annotation>