<?xml version="1.0" encoding="UTF-8"?>
<annotation>
  <filename>118_345.jpg</filename>
  <size>
    <width>416</width>
    <height>277</height>
    <depth>3</depth>
  </size>
  <segmented>0</segmented>
  <object>
    <name>闭眼</name>
    <truncated>0</truncated>
    <difficult>0</difficult>
    <occluded>0</occluded>
    <bndbox>
      <xmin>196</xmin>
      <ymin>129</ymin>
      <xmax>226</xmax>
      <ymax>148</ymax>
    </bndbox>
  </object>
  <object>
    <name>闭眼</name>
    <truncated>0</truncated>
    <difficult>0</difficult>
    <occluded>0</occluded>
    <bndbox>
      <xmin>241</xmin>
      <ymin>119</ymin>
      <xmax>279</xmax>
      <ymax>141</ymax>
    </bndbox>
  </object>
</annotation>