<?xml version="1.0" encoding="UTF-8"?>
<annotation>
  <filename>118_69.jpg</filename>
  <size>
    <width>416</width>
    <height>277</height>
    <depth>3</depth>
  </size>
  <segmented>0</segmented>
  <object>
    <name>闭眼</name>
    <truncated>0</truncated>
    <difficult>0</difficult>
    <occluded>0</occluded>
    <bndbox>
      <xmin>190</xmin>
      <ymin>132</ymin>
      <xmax>226</xmax>
      <ymax>150</ymax>
    </bndbox>
  </object>
  <object>
    <name>闭眼</name>
    <truncated>0</truncated>
    <difficult>0</difficult>
    <occluded>0</occluded>
    <bndbox>
      <xmin>241</xmin>
      <ymin>120</ymin>
      <xmax>276</xmax>
      <ymax>139</ymax>
    </bndbox>
  </object>
</annotation>