<?xml version="1.0" encoding="UTF-8"?>
<annotation>
  <filename>11_302.jpg</filename>
  <size>
    <width>276</width>
    <height>416</height>
    <depth>3</depth>
  </size>
  <segmented>0</segmented>
  <object>
    <name>闭眼</name>
    <truncated>0</truncated>
    <difficult>0</difficult>
    <occluded>0</occluded>
    <bndbox>
      <xmin>119</xmin>
      <ymin>190</ymin>
      <xmax>158</xmax>
      <ymax>214</ymax>
    </bndbox>
  </object>
  <object>
    <name>闭眼</name>
    <truncated>0</truncated>
    <difficult>0</difficult>
    <occluded>0</occluded>
    <bndbox>
      <xmin>186</xmin>
      <ymin>173</ymin>
      <xmax>221</xmax>
      <ymax>192</ymax>
    </bndbox>
  </object>
</annotation>