<?xml version="1.0" encoding="UTF-8"?>
<annotation>
  <filename>11_79.jpg</filename>
  <size>
    <width>276</width>
    <height>416</height>
    <depth>3</depth>
  </size>
  <segmented>0</segmented>
  <object>
    <name>闭眼</name>
    <truncated>0</truncated>
    <difficult>0</difficult>
    <occluded>0</occluded>
    <bndbox>
      <xmin>118</xmin>
      <ymin>190</ymin>
      <xmax>161</xmax>
      <ymax>213</ymax>
    </bndbox>
  </object>
  <object>
    <name>闭眼</name>
    <truncated>0</truncated>
    <difficult>0</difficult>
    <occluded>0</occluded>
    <bndbox>
      <xmin>186</xmin>
      <ymin>174</ymin>
      <xmax>218</xmax>
      <ymax>194</ymax>
    </bndbox>
  </object>
</annotation>