<?xml version="1.0" encoding="UTF-8"?>
<annotation>
  <filename>123_346.jpg</filename>
  <size>
    <width>268</width>
    <height>416</height>
    <depth>3</depth>
  </size>
  <segmented>0</segmented>
  <object>
    <name>闭眼</name>
    <truncated>0</truncated>
    <difficult>0</difficult>
    <occluded>0</occluded>
    <bndbox>
      <xmin>66</xmin>
      <ymin>147</ymin>
      <xmax>109</xmax>
      <ymax>175</ymax>
    </bndbox>
  </object>
  <object>
    <name>闭眼</name>
    <truncated>0</truncated>
    <difficult>0</difficult>
    <occluded>0</occluded>
    <bndbox>
      <xmin>155</xmin>
      <ymin>148</ymin>
      <xmax>205</xmax>
      <ymax>185</ymax>
    </bndbox>
  </object>
</annotation>