<?xml version="1.0" encoding="UTF-8"?>
<annotation>
  <filename>123_71.jpg</filename>
  <size>
    <width>268</width>
    <height>416</height>
    <depth>3</depth>
  </size>
  <segmented>0</segmented>
  <object>
    <name>闭眼</name>
    <truncated>0</truncated>
    <difficult>0</difficult>
    <occluded>0</occluded>
    <bndbox>
      <xmin>66</xmin>
      <ymin>146</ymin>
      <xmax>111</xmax>
      <ymax>177</ymax>
    </bndbox>
  </object>
  <object>
    <name>闭眼</name>
    <truncated>0</truncated>
    <difficult>0</difficult>
    <occluded>0</occluded>
    <bndbox>
      <xmin>150</xmin>
      <ymin>150</ymin>
      <xmax>197</xmax>
      <ymax>182</ymax>
    </bndbox>
  </object>
</annotation>