<?xml version="1.0" encoding="UTF-8"?>
<annotation>
  <filename>124_348.jpg</filename>
  <size>
    <width>274</width>
    <height>416</height>
    <depth>3</depth>
  </size>
  <segmented>0</segmented>
  <object>
    <name>闭眼</name>
    <truncated>0</truncated>
    <difficult>0</difficult>
    <occluded>0</occluded>
    <bndbox>
      <xmin>59</xmin>
      <ymin>116</ymin>
      <xmax>100</xmax>
      <ymax>145</ymax>
    </bndbox>
  </object>
  <object>
    <name>闭眼</name>
    <truncated>0</truncated>
    <difficult>0</difficult>
    <occluded>0</occluded>
    <bndbox>
      <xmin>135</xmin>
      <ymin>81</ymin>
      <xmax>212</xmax>
      <ymax>119</ymax>
    </bndbox>
  </object>
</annotation>