<?xml version="1.0" encoding="UTF-8"?>
<annotation>
  <filename>124_72.jpg</filename>
  <size>
    <width>274</width>
    <height>416</height>
    <depth>3</depth>
  </size>
  <segmented>0</segmented>
  <object>
    <name>闭眼</name>
    <truncated>0</truncated>
    <difficult>0</difficult>
    <occluded>0</occluded>
    <bndbox>
      <xmin>57</xmin>
      <ymin>112</ymin>
      <xmax>103</xmax>
      <ymax>144</ymax>
    </bndbox>
  </object>
  <object>
    <name>闭眼</name>
    <truncated>0</truncated>
    <difficult>0</difficult>
    <occluded>0</occluded>
    <bndbox>
      <xmin>138</xmin>
      <ymin>86</ymin>
      <xmax>207</xmax>
      <ymax>115</ymax>
    </bndbox>
  </object>
</annotation>