<?xml version="1.0" encoding="UTF-8"?>
<annotation>
  <filename>126_73.jpg</filename>
  <size>
    <width>416</width>
    <height>361</height>
    <depth>3</depth>
  </size>
  <segmented>0</segmented>
  <object>
    <name>闭眼</name>
    <truncated>0</truncated>
    <difficult>0</difficult>
    <occluded>0</occluded>
    <bndbox>
      <xmin>188</xmin>
      <ymin>94</ymin>
      <xmax>250</xmax>
      <ymax>128</ymax>
    </bndbox>
  </object>
  <object>
    <name>闭眼</name>
    <truncated>0</truncated>
    <difficult>0</difficult>
    <occluded>0</occluded>
    <bndbox>
      <xmin>101</xmin>
      <ymin>114</ymin>
      <xmax>153</xmax>
      <ymax>145</ymax>
    </bndbox>
  </object>
</annotation>