<?xml version="1.0" encoding="UTF-8"?>
<annotation>
  <filename>128_347.jpg</filename>
  <size>
    <width>416</width>
    <height>416</height>
    <depth>3</depth>
  </size>
  <segmented>0</segmented>
  <object>
    <name>闭眼</name>
    <truncated>0</truncated>
    <difficult>0</difficult>
    <occluded>0</occluded>
    <bndbox>
      <xmin>178</xmin>
      <ymin>140</ymin>
      <xmax>203</xmax>
      <ymax>160</ymax>
    </bndbox>
  </object>
  <object>
    <name>闭眼</name>
    <truncated>0</truncated>
    <difficult>0</difficult>
    <occluded>0</occluded>
    <bndbox>
      <xmin>221</xmin>
      <ymin>140</ymin>
      <xmax>250</xmax>
      <ymax>160</ymax>
    </bndbox>
  </object>
</annotation>