<?xml version="1.0" encoding="UTF-8"?>
<annotation>
  <filename>128_74.jpg</filename>
  <size>
    <width>416</width>
    <height>416</height>
    <depth>3</depth>
  </size>
  <segmented>0</segmented>
  <object>
    <name>闭眼</name>
    <truncated>0</truncated>
    <difficult>0</difficult>
    <occluded>0</occluded>
    <bndbox>
      <xmin>176</xmin>
      <ymin>140</ymin>
      <xmax>207</xmax>
      <ymax>158</ymax>
    </bndbox>
  </object>
  <object>
    <name>闭眼</name>
    <truncated>0</truncated>
    <difficult>0</difficult>
    <occluded>0</occluded>
    <bndbox>
      <xmin>221</xmin>
      <ymin>141</ymin>
      <xmax>254</xmax>
      <ymax>158</ymax>
    </bndbox>
  </object>
</annotation>