<?xml version="1.0" encoding="UTF-8"?>
<annotation>
  <filename>132_76.jpg</filename>
  <size>
    <width>416</width>
    <height>277</height>
    <depth>3</depth>
  </size>
  <segmented>0</segmented>
  <object>
    <name>闭眼</name>
    <truncated>0</truncated>
    <difficult>0</difficult>
    <occluded>0</occluded>
    <bndbox>
      <xmin>182</xmin>
      <ymin>104</ymin>
      <xmax>215</xmax>
      <ymax>126</ymax>
    </bndbox>
  </object>
  <object>
    <name>闭眼</name>
    <truncated>0</truncated>
    <difficult>0</difficult>
    <occluded>0</occluded>
    <bndbox>
      <xmin>235</xmin>
      <ymin>104</ymin>
      <xmax>265</xmax>
      <ymax>126</ymax>
    </bndbox>
  </object>
</annotation>