<?xml version="1.0" encoding="UTF-8"?>
<annotation>
  <filename>134_349.jpg</filename>
  <size>
    <width>277</width>
    <height>416</height>
    <depth>3</depth>
  </size>
  <segmented>0</segmented>
  <object>
    <name>闭眼</name>
    <truncated>0</truncated>
    <difficult>0</difficult>
    <occluded>0</occluded>
    <bndbox>
      <xmin>90</xmin>
      <ymin>163</ymin>
      <xmax>126</xmax>
      <ymax>190</ymax>
    </bndbox>
  </object>
  <object>
    <name>闭眼</name>
    <truncated>0</truncated>
    <difficult>0</difficult>
    <occluded>0</occluded>
    <bndbox>
      <xmin>154</xmin>
      <ymin>167</ymin>
      <xmax>194</xmax>
      <ymax>192</ymax>
    </bndbox>
  </object>
</annotation>