<?xml version="1.0" encoding="UTF-8"?>
<annotation>
  <filename>134_96.jpg</filename>
  <size>
    <width>277</width>
    <height>416</height>
    <depth>3</depth>
  </size>
  <segmented>0</segmented>
  <object>
    <name>闭眼</name>
    <truncated>0</truncated>
    <difficult>0</difficult>
    <occluded>0</occluded>
    <bndbox>
      <xmin>84</xmin>
      <ymin>164</ymin>
      <xmax>125</xmax>
      <ymax>187</ymax>
    </bndbox>
  </object>
  <object>
    <name>闭眼</name>
    <truncated>0</truncated>
    <difficult>0</difficult>
    <occluded>0</occluded>
    <bndbox>
      <xmin>155</xmin>
      <ymin>164</ymin>
      <xmax>193</xmax>
      <ymax>191</ymax>
    </bndbox>
  </object>
</annotation>