<?xml version="1.0" encoding="UTF-8"?>
<annotation>
  <filename>139_77.jpg</filename>
  <size>
    <width>277</width>
    <height>416</height>
    <depth>3</depth>
  </size>
  <segmented>0</segmented>
  <object>
    <name>闭眼</name>
    <truncated>0</truncated>
    <difficult>0</difficult>
    <occluded>0</occluded>
    <bndbox>
      <xmin>51</xmin>
      <ymin>135</ymin>
      <xmax>128</xmax>
      <ymax>178</ymax>
    </bndbox>
  </object>
  <object>
    <name>闭眼</name>
    <truncated>0</truncated>
    <difficult>0</difficult>
    <occluded>0</occluded>
    <bndbox>
      <xmin>158</xmin>
      <ymin>137</ymin>
      <xmax>229</xmax>
      <ymax>180</ymax>
    </bndbox>
  </object>
</annotation>