<?xml version="1.0" encoding="UTF-8"?>
<annotation>
  <filename>145_218.jpg</filename>
  <size>
    <width>277</width>
    <height>416</height>
    <depth>3</depth>
  </size>
  <segmented>0</segmented>
  <object>
    <name>张嘴</name>
    <truncated>0</truncated>
    <difficult>0</difficult>
    <occluded>0</occluded>
    <bndbox>
      <xmin>85</xmin>
      <ymin>167</ymin>
      <xmax>209</xmax>
      <ymax>267</ymax>
    </bndbox>
  </object>
  <object>
    <name>张嘴</name>
    <truncated>0</truncated>
    <difficult>0</difficult>
    <occluded>0</occluded>
    <bndbox>
      <xmin>98</xmin>
      <ymin>182</ymin>
      <xmax>194</xmax>
      <ymax>259</ymax>
    </bndbox>
  </object>
</annotation>