<?xml version="1.0" encoding="UTF-8"?>
<annotation>
  <filename>15_303.jpg</filename>
  <size>
    <width>363</width>
    <height>416</height>
    <depth>3</depth>
  </size>
  <segmented>0</segmented>
  <object>
    <name>闭眼</name>
    <truncated>0</truncated>
    <difficult>0</difficult>
    <occluded>0</occluded>
    <bndbox>
      <xmin>70</xmin>
      <ymin>91</ymin>
      <xmax>143</xmax>
      <ymax>147</ymax>
    </bndbox>
  </object>
  <object>
    <name>闭眼</name>
    <truncated>0</truncated>
    <difficult>0</difficult>
    <occluded>0</occluded>
    <bndbox>
      <xmin>215</xmin>
      <ymin>101</ymin>
      <xmax>289</xmax>
      <ymax>148</ymax>
    </bndbox>
  </object>
</annotation>