<?xml version="1.0" encoding="UTF-8"?>
<annotation>
  <filename>15_81.jpg</filename>
  <size>
    <width>363</width>
    <height>416</height>
    <depth>3</depth>
  </size>
  <segmented>0</segmented>
  <object>
    <name>闭眼</name>
    <truncated>0</truncated>
    <difficult>0</difficult>
    <occluded>0</occluded>
    <bndbox>
      <xmin>67</xmin>
      <ymin>96</ymin>
      <xmax>151</xmax>
      <ymax>142</ymax>
    </bndbox>
  </object>
  <object>
    <name>闭眼</name>
    <truncated>0</truncated>
    <difficult>0</difficult>
    <occluded>0</occluded>
    <bndbox>
      <xmin>208</xmin>
      <ymin>100</ymin>
      <xmax>292</xmax>
      <ymax>155</ymax>
    </bndbox>
  </object>
</annotation>