<?xml version="1.0" encoding="UTF-8"?>
<annotation>
  <filename>18_82.jpg</filename>
  <size>
    <width>416</width>
    <height>233</height>
    <depth>3</depth>
  </size>
  <segmented>0</segmented>
  <object>
    <name>闭眼</name>
    <truncated>0</truncated>
    <difficult>0</difficult>
    <occluded>0</occluded>
    <bndbox>
      <xmin>172</xmin>
      <ymin>78</ymin>
      <xmax>201</xmax>
      <ymax>98</ymax>
    </bndbox>
  </object>
  <object>
    <name>闭眼</name>
    <truncated>0</truncated>
    <difficult>0</difficult>
    <occluded>0</occluded>
    <bndbox>
      <xmin>213</xmin>
      <ymin>66</ymin>
      <xmax>251</xmax>
      <ymax>84</ymax>
    </bndbox>
  </object>
</annotation>