<?xml version="1.0" encoding="UTF-8"?>
<annotation>
  <filename>19_83.jpg</filename>
  <size>
    <width>277</width>
    <height>416</height>
    <depth>3</depth>
  </size>
  <segmented>0</segmented>
  <object>
    <name>闭眼</name>
    <truncated>0</truncated>
    <difficult>0</difficult>
    <occluded>0</occluded>
    <bndbox>
      <xmin>80</xmin>
      <ymin>101</ymin>
      <xmax>158</xmax>
      <ymax>159</ymax>
    </bndbox>
  </object>
  <object>
    <name>闭眼</name>
    <truncated>0</truncated>
    <difficult>0</difficult>
    <occluded>0</occluded>
    <bndbox>
      <xmin>194</xmin>
      <ymin>153</ymin>
      <xmax>266</xmax>
      <ymax>210</ymax>
    </bndbox>
  </object>
</annotation>