<?xml version="1.0" encoding="UTF-8"?>
<annotation>
  <filename>1_2.jpg</filename>
  <size>
    <width>277</width>
    <height>416</height>
    <depth>3</depth>
  </size>
  <segmented>0</segmented>
  <object>
    <name>闭眼</name>
    <truncated>0</truncated>
    <difficult>0</difficult>
    <occluded>0</occluded>
    <bndbox>
      <xmin>82</xmin>
      <ymin>143</ymin>
      <xmax>140</xmax>
      <ymax>185</ymax>
    </bndbox>
  </object>
  <object>
    <name>闭眼</name>
    <truncated>0</truncated>
    <difficult>0</difficult>
    <occluded>0</occluded>
    <bndbox>
      <xmin>168</xmin>
      <ymin>171</ymin>
      <xmax>219</xmax>
      <ymax>212</ymax>
    </bndbox>
  </object>
</annotation>