<?xml version="1.0" encoding="UTF-8"?>
<annotation>
  <filename>1_296.jpg</filename>
  <size>
    <width>277</width>
    <height>416</height>
    <depth>3</depth>
  </size>
  <segmented>0</segmented>
  <object>
    <name>闭眼</name>
    <truncated>0</truncated>
    <difficult>0</difficult>
    <occluded>0</occluded>
    <bndbox>
      <xmin>86</xmin>
      <ymin>135</ymin>
      <xmax>139</xmax>
      <ymax>185</ymax>
    </bndbox>
  </object>
  <object>
    <name>闭眼</name>
    <truncated>0</truncated>
    <difficult>0</difficult>
    <occluded>0</occluded>
    <bndbox>
      <xmin>166</xmin>
      <ymin>171</ymin>
      <xmax>215</xmax>
      <ymax>213</ymax>
    </bndbox>
  </object>
</annotation>