<?xml version="1.0" encoding="UTF-8"?>
<annotation>
  <filename>22_306.jpg</filename>
  <size>
    <width>416</width>
    <height>277</height>
    <depth>3</depth>
  </size>
  <segmented>0</segmented>
  <object>
    <name>闭眼</name>
    <truncated>0</truncated>
    <difficult>0</difficult>
    <occluded>0</occluded>
    <bndbox>
      <xmin>6</xmin>
      <ymin>96</ymin>
      <xmax>148</xmax>
      <ymax>194</ymax>
    </bndbox>
  </object>
  <object>
    <name>闭眼</name>
    <truncated>0</truncated>
    <difficult>0</difficult>
    <occluded>0</occluded>
    <bndbox>
      <xmin>268</xmin>
      <ymin>109</ymin>
      <xmax>402</xmax>
      <ymax>209</ymax>
    </bndbox>
  </object>
</annotation>