<?xml version="1.0" encoding="UTF-8"?>
<annotation>
  <filename>22_9.jpg</filename>
  <size>
    <width>416</width>
    <height>277</height>
    <depth>3</depth>
  </size>
  <segmented>0</segmented>
  <object>
    <name>闭眼</name>
    <truncated>0</truncated>
    <difficult>0</difficult>
    <occluded>0</occluded>
    <bndbox>
      <xmin>3</xmin>
      <ymin>93</ymin>
      <xmax>159</xmax>
      <ymax>201</ymax>
    </bndbox>
  </object>
  <object>
    <name>闭眼</name>
    <truncated>0</truncated>
    <difficult>0</difficult>
    <occluded>0</occluded>
    <bndbox>
      <xmin>257</xmin>
      <ymin>99</ymin>
      <xmax>405</xmax>
      <ymax>203</ymax>
    </bndbox>
  </object>
</annotation>