<?xml version="1.0" encoding="UTF-8"?>
<annotation>
  <filename>23_307.jpg</filename>
  <size>
    <width>416</width>
    <height>277</height>
    <depth>3</depth>
  </size>
  <segmented>0</segmented>
  <object>
    <name>闭眼</name>
    <truncated>0</truncated>
    <difficult>0</difficult>
    <occluded>0</occluded>
    <bndbox>
      <xmin>252</xmin>
      <ymin>61</ymin>
      <xmax>282</xmax>
      <ymax>80</ymax>
    </bndbox>
  </object>
  <object>
    <name>闭眼</name>
    <truncated>0</truncated>
    <difficult>0</difficult>
    <occluded>0</occluded>
    <bndbox>
      <xmin>294</xmin>
      <ymin>69</ymin>
      <xmax>323</xmax>
      <ymax>93</ymax>
    </bndbox>
  </object>
</annotation>