<?xml version="1.0" encoding="UTF-8"?>
<annotation>
  <filename>23_7.jpg</filename>
  <size>
    <width>416</width>
    <height>277</height>
    <depth>3</depth>
  </size>
  <segmented>0</segmented>
  <object>
    <name>闭眼</name>
    <truncated>0</truncated>
    <difficult>0</difficult>
    <occluded>0</occluded>
    <bndbox>
      <xmin>254</xmin>
      <ymin>59</ymin>
      <xmax>281</xmax>
      <ymax>85</ymax>
    </bndbox>
  </object>
  <object>
    <name>闭眼</name>
    <truncated>0</truncated>
    <difficult>0</difficult>
    <occluded>0</occluded>
    <bndbox>
      <xmin>293</xmin>
      <ymin>64</ymin>
      <xmax>323</xmax>
      <ymax>95</ymax>
    </bndbox>
  </object>
</annotation>