<?xml version="1.0" encoding="UTF-8"?>
<annotation>
  <filename>24_10.jpg</filename>
  <size>
    <width>276</width>
    <height>416</height>
    <depth>3</depth>
  </size>
  <segmented>0</segmented>
  <object>
    <name>闭眼</name>
    <truncated>0</truncated>
    <difficult>0</difficult>
    <occluded>0</occluded>
    <bndbox>
      <xmin>57</xmin>
      <ymin>131</ymin>
      <xmax>122</xmax>
      <ymax>172</ymax>
    </bndbox>
  </object>
  <object>
    <name>闭眼</name>
    <truncated>0</truncated>
    <difficult>0</difficult>
    <occluded>0</occluded>
    <bndbox>
      <xmin>152</xmin>
      <ymin>128</ymin>
      <xmax>223</xmax>
      <ymax>170</ymax>
    </bndbox>
  </object>
</annotation>