<?xml version="1.0" encoding="UTF-8"?>
<annotation>
  <filename>24_305.jpg</filename>
  <size>
    <width>276</width>
    <height>416</height>
    <depth>3</depth>
  </size>
  <segmented>0</segmented>
  <object>
    <name>闭眼</name>
    <truncated>0</truncated>
    <difficult>0</difficult>
    <occluded>0</occluded>
    <bndbox>
      <xmin>66</xmin>
      <ymin>132</ymin>
      <xmax>119</xmax>
      <ymax>170</ymax>
    </bndbox>
  </object>
  <object>
    <name>闭眼</name>
    <truncated>0</truncated>
    <difficult>0</difficult>
    <occluded>0</occluded>
    <bndbox>
      <xmin>150</xmin>
      <ymin>126</ymin>
      <xmax>220</xmax>
      <ymax>167</ymax>
    </bndbox>
  </object>
</annotation>