<?xml version="1.0" encoding="UTF-8"?>
<annotation>
  <filename>25_308.jpg</filename>
  <size>
    <width>416</width>
    <height>277</height>
    <depth>3</depth>
  </size>
  <segmented>0</segmented>
  <object>
    <name>闭眼</name>
    <truncated>0</truncated>
    <difficult>0</difficult>
    <occluded>0</occluded>
    <bndbox>
      <xmin>130</xmin>
      <ymin>106</ymin>
      <xmax>173</xmax>
      <ymax>135</ymax>
    </bndbox>
  </object>
  <object>
    <name>闭眼</name>
    <truncated>0</truncated>
    <difficult>0</difficult>
    <occluded>0</occluded>
    <bndbox>
      <xmin>191</xmin>
      <ymin>84</ymin>
      <xmax>241</xmax>
      <ymax>110</ymax>
    </bndbox>
  </object>
</annotation>