<?xml version="1.0" encoding="UTF-8"?>
<annotation>
  <filename>25_8.jpg</filename>
  <size>
    <width>416</width>
    <height>277</height>
    <depth>3</depth>
  </size>
  <segmented>0</segmented>
  <object>
    <name>闭眼</name>
    <truncated>0</truncated>
    <difficult>0</difficult>
    <occluded>0</occluded>
    <bndbox>
      <xmin>126</xmin>
      <ymin>101</ymin>
      <xmax>175</xmax>
      <ymax>140</ymax>
    </bndbox>
  </object>
  <object>
    <name>闭眼</name>
    <truncated>0</truncated>
    <difficult>0</difficult>
    <occluded>0</occluded>
    <bndbox>
      <xmin>185</xmin>
      <ymin>82</ymin>
      <xmax>242</xmax>
      <ymax>116</ymax>
    </bndbox>
  </object>
</annotation>