<?xml version="1.0" encoding="UTF-8"?>
<annotation>
  <filename>27_11.jpg</filename>
  <size>
    <width>277</width>
    <height>416</height>
    <depth>3</depth>
  </size>
  <segmented>0</segmented>
  <object>
    <name>闭眼</name>
    <truncated>0</truncated>
    <difficult>0</difficult>
    <occluded>0</occluded>
    <bndbox>
      <xmin>81</xmin>
      <ymin>141</ymin>
      <xmax>124</xmax>
      <ymax>172</ymax>
    </bndbox>
  </object>
  <object>
    <name>闭眼</name>
    <truncated>0</truncated>
    <difficult>0</difficult>
    <occluded>0</occluded>
    <bndbox>
      <xmin>146</xmin>
      <ymin>144</ymin>
      <xmax>182</xmax>
      <ymax>177</ymax>
    </bndbox>
  </object>
</annotation>