<?xml version="1.0" encoding="UTF-8"?>
<annotation>
  <filename>27_309.jpg</filename>
  <size>
    <width>277</width>
    <height>416</height>
    <depth>3</depth>
  </size>
  <segmented>0</segmented>
  <object>
    <name>闭眼</name>
    <truncated>0</truncated>
    <difficult>0</difficult>
    <occluded>0</occluded>
    <bndbox>
      <xmin>82</xmin>
      <ymin>143</ymin>
      <xmax>121</xmax>
      <ymax>170</ymax>
    </bndbox>
  </object>
  <object>
    <name>闭眼</name>
    <truncated>0</truncated>
    <difficult>0</difficult>
    <occluded>0</occluded>
    <bndbox>
      <xmin>145</xmin>
      <ymin>150</ymin>
      <xmax>189</xmax>
      <ymax>176</ymax>
    </bndbox>
  </object>
</annotation>