<?xml version="1.0" encoding="UTF-8"?>
<annotation>
  <filename>29_13.jpg</filename>
  <size>
    <width>416</width>
    <height>277</height>
    <depth>3</depth>
  </size>
  <segmented>0</segmented>
  <object>
    <name>闭眼</name>
    <truncated>0</truncated>
    <difficult>0</difficult>
    <occluded>0</occluded>
    <bndbox>
      <xmin>198</xmin>
      <ymin>78</ymin>
      <xmax>212</xmax>
      <ymax>90</ymax>
    </bndbox>
  </object>
  <object>
    <name>闭眼</name>
    <truncated>0</truncated>
    <difficult>0</difficult>
    <occluded>0</occluded>
    <bndbox>
      <xmin>221</xmin>
      <ymin>76</ymin>
      <xmax>240</xmax>
      <ymax>94</ymax>
    </bndbox>
  </object>
</annotation>