<?xml version="1.0" encoding="UTF-8"?>
<annotation>
  <filename>2_295.jpg</filename>
  <size>
    <width>416</width>
    <height>277</height>
    <depth>3</depth>
  </size>
  <segmented>0</segmented>
  <object>
    <name>闭眼</name>
    <truncated>0</truncated>
    <difficult>0</difficult>
    <occluded>0</occluded>
    <bndbox>
      <xmin>22</xmin>
      <ymin>121</ymin>
      <xmax>157</xmax>
      <ymax>225</ymax>
    </bndbox>
  </object>
  <object>
    <name>闭眼</name>
    <truncated>0</truncated>
    <difficult>0</difficult>
    <occluded>0</occluded>
    <bndbox>
      <xmin>257</xmin>
      <ymin>127</ymin>
      <xmax>395</xmax>
      <ymax>228</ymax>
    </bndbox>
  </object>
</annotation>