<?xml version="1.0" encoding="UTF-8"?>
<annotation>
  <filename>2_3.jpg</filename>
  <size>
    <width>416</width>
    <height>277</height>
    <depth>3</depth>
  </size>
  <segmented>0</segmented>
  <object>
    <name>闭眼</name>
    <truncated>0</truncated>
    <difficult>0</difficult>
    <occluded>0</occluded>
    <bndbox>
      <xmin>17</xmin>
      <ymin>123</ymin>
      <xmax>163</xmax>
      <ymax>238</ymax>
    </bndbox>
  </object>
  <object>
    <name>闭眼</name>
    <truncated>0</truncated>
    <difficult>0</difficult>
    <occluded>0</occluded>
    <bndbox>
      <xmin>252</xmin>
      <ymin>134</ymin>
      <xmax>390</xmax>
      <ymax>239</ymax>
    </bndbox>
  </object>
</annotation>