<?xml version="1.0" encoding="UTF-8"?>
<annotation>
  <filename>34_16.jpg</filename>
  <size>
    <width>416</width>
    <height>277</height>
    <depth>3</depth>
  </size>
  <segmented>0</segmented>
  <object>
    <name>闭眼</name>
    <truncated>0</truncated>
    <difficult>0</difficult>
    <occluded>0</occluded>
    <bndbox>
      <xmin>131</xmin>
      <ymin>67</ymin>
      <xmax>225</xmax>
      <ymax>118</ymax>
    </bndbox>
  </object>
  <object>
    <name>闭眼</name>
    <truncated>0</truncated>
    <difficult>0</difficult>
    <occluded>0</occluded>
    <bndbox>
      <xmin>270</xmin>
      <ymin>47</ymin>
      <xmax>368</xmax>
      <ymax>99</ymax>
    </bndbox>
  </object>
</annotation>