<?xml version="1.0" encoding="UTF-8"?>
<annotation>
  <filename>34_312.jpg</filename>
  <size>
    <width>416</width>
    <height>277</height>
    <depth>3</depth>
  </size>
  <segmented>0</segmented>
  <object>
    <name>闭眼</name>
    <truncated>0</truncated>
    <difficult>0</difficult>
    <occluded>0</occluded>
    <bndbox>
      <xmin>140</xmin>
      <ymin>77</ymin>
      <xmax>227</xmax>
      <ymax>124</ymax>
    </bndbox>
  </object>
  <object>
    <name>闭眼</name>
    <truncated>0</truncated>
    <difficult>0</difficult>
    <occluded>0</occluded>
    <bndbox>
      <xmin>270</xmin>
      <ymin>62</ymin>
      <xmax>348</xmax>
      <ymax>105</ymax>
    </bndbox>
  </object>
</annotation>