<?xml version="1.0" encoding="UTF-8"?>
<annotation>
  <filename>35_17.jpg</filename>
  <size>
    <width>277</width>
    <height>416</height>
    <depth>3</depth>
  </size>
  <segmented>0</segmented>
  <object>
    <name>闭眼</name>
    <truncated>0</truncated>
    <difficult>0</difficult>
    <occluded>0</occluded>
    <bndbox>
      <xmin>62</xmin>
      <ymin>160</ymin>
      <xmax>114</xmax>
      <ymax>198</ymax>
    </bndbox>
  </object>
  <object>
    <name>闭眼</name>
    <truncated>0</truncated>
    <difficult>0</difficult>
    <occluded>0</occluded>
    <bndbox>
      <xmin>144</xmin>
      <ymin>162</ymin>
      <xmax>208</xmax>
      <ymax>199</ymax>
    </bndbox>
  </object>
</annotation>