<?xml version="1.0" encoding="UTF-8"?>
<annotation>
  <filename>35_314.jpg</filename>
  <size>
    <width>277</width>
    <height>416</height>
    <depth>3</depth>
  </size>
  <segmented>0</segmented>
  <object>
    <name>闭眼</name>
    <truncated>0</truncated>
    <difficult>0</difficult>
    <occluded>0</occluded>
    <bndbox>
      <xmin>61</xmin>
      <ymin>170</ymin>
      <xmax>107</xmax>
      <ymax>200</ymax>
    </bndbox>
  </object>
  <object>
    <name>闭眼</name>
    <truncated>0</truncated>
    <difficult>0</difficult>
    <occluded>0</occluded>
    <bndbox>
      <xmin>147</xmin>
      <ymin>160</ymin>
      <xmax>191</xmax>
      <ymax>192</ymax>
    </bndbox>
  </object>
</annotation>