<?xml version="1.0" encoding="UTF-8"?>
<annotation>
  <filename>37_316.jpg</filename>
  <size>
    <width>277</width>
    <height>416</height>
    <depth>3</depth>
  </size>
  <segmented>0</segmented>
  <object>
    <name>闭眼</name>
    <truncated>0</truncated>
    <difficult>0</difficult>
    <occluded>0</occluded>
    <bndbox>
      <xmin>35</xmin>
      <ymin>66</ymin>
      <xmax>105</xmax>
      <ymax>112</ymax>
    </bndbox>
  </object>
  <object>
    <name>闭眼</name>
    <truncated>0</truncated>
    <difficult>0</difficult>
    <occluded>0</occluded>
    <bndbox>
      <xmin>157</xmin>
      <ymin>69</ymin>
      <xmax>230</xmax>
      <ymax>111</ymax>
    </bndbox>
  </object>
</annotation>