<?xml version="1.0" encoding="UTF-8"?>
<annotation>
  <filename>39_20.jpg</filename>
  <size>
    <width>416</width>
    <height>275</height>
    <depth>3</depth>
  </size>
  <segmented>0</segmented>
  <object>
    <name>闭眼</name>
    <truncated>0</truncated>
    <difficult>0</difficult>
    <occluded>0</occluded>
    <bndbox>
      <xmin>33</xmin>
      <ymin>77</ymin>
      <xmax>152</xmax>
      <ymax>155</ymax>
    </bndbox>
  </object>
  <object>
    <name>闭眼</name>
    <truncated>0</truncated>
    <difficult>0</difficult>
    <occluded>0</occluded>
    <bndbox>
      <xmin>243</xmin>
      <ymin>75</ymin>
      <xmax>377</xmax>
      <ymax>156</ymax>
    </bndbox>
  </object>
</annotation>