<?xml version="1.0" encoding="UTF-8"?>
<annotation>
  <filename>39_352.jpg</filename>
  <size>
    <width>416</width>
    <height>275</height>
    <depth>3</depth>
  </size>
  <segmented>0</segmented>
  <object>
    <name>闭眼</name>
    <truncated>0</truncated>
    <difficult>0</difficult>
    <occluded>0</occluded>
    <bndbox>
      <xmin>29</xmin>
      <ymin>81</ymin>
      <xmax>154</xmax>
      <ymax>153</ymax>
    </bndbox>
  </object>
  <object>
    <name>闭眼</name>
    <truncated>0</truncated>
    <difficult>0</difficult>
    <occluded>0</occluded>
    <bndbox>
      <xmin>249</xmin>
      <ymin>72</ymin>
      <xmax>382</xmax>
      <ymax>153</ymax>
    </bndbox>
  </object>
</annotation>