<?xml version="1.0" encoding="UTF-8"?>
<annotation>
  <filename>40_19.jpg</filename>
  <size>
    <width>416</width>
    <height>275</height>
    <depth>3</depth>
  </size>
  <segmented>0</segmented>
  <object>
    <name>闭眼</name>
    <truncated>0</truncated>
    <difficult>0</difficult>
    <occluded>0</occluded>
    <bndbox>
      <xmin>34</xmin>
      <ymin>72</ymin>
      <xmax>165</xmax>
      <ymax>165</ymax>
    </bndbox>
  </object>
  <object>
    <name>闭眼</name>
    <truncated>0</truncated>
    <difficult>0</difficult>
    <occluded>0</occluded>
    <bndbox>
      <xmin>254</xmin>
      <ymin>72</ymin>
      <xmax>378</xmax>
      <ymax>160</ymax>
    </bndbox>
  </object>
</annotation>