<?xml version="1.0" encoding="UTF-8"?>
<annotation>
  <filename>40_315.jpg</filename>
  <size>
    <width>416</width>
    <height>275</height>
    <depth>3</depth>
  </size>
  <segmented>0</segmented>
  <object>
    <name>闭眼</name>
    <truncated>0</truncated>
    <difficult>0</difficult>
    <occluded>0</occluded>
    <bndbox>
      <xmin>41</xmin>
      <ymin>78</ymin>
      <xmax>155</xmax>
      <ymax>152</ymax>
    </bndbox>
  </object>
  <object>
    <name>闭眼</name>
    <truncated>0</truncated>
    <difficult>0</difficult>
    <occluded>0</occluded>
    <bndbox>
      <xmin>251</xmin>
      <ymin>70</ymin>
      <xmax>363</xmax>
      <ymax>142</ymax>
    </bndbox>
  </object>
</annotation>