<?xml version="1.0" encoding="UTF-8"?>
<annotation>
  <filename>41_317.jpg</filename>
  <size>
    <width>416</width>
    <height>277</height>
    <depth>3</depth>
  </size>
  <segmented>0</segmented>
  <object>
    <name>闭眼</name>
    <truncated>0</truncated>
    <difficult>0</difficult>
    <occluded>0</occluded>
    <bndbox>
      <xmin>160</xmin>
      <ymin>67</ymin>
      <xmax>182</xmax>
      <ymax>82</ymax>
    </bndbox>
  </object>
  <object>
    <name>闭眼</name>
    <truncated>0</truncated>
    <difficult>0</difficult>
    <occluded>0</occluded>
    <bndbox>
      <xmin>189</xmin>
      <ymin>71</ymin>
      <xmax>214</xmax>
      <ymax>89</ymax>
    </bndbox>
  </object>
</annotation>