<?xml version="1.0" encoding="UTF-8"?>
<annotation>
  <filename>42_23.jpg</filename>
  <size>
    <width>277</width>
    <height>416</height>
    <depth>3</depth>
  </size>
  <segmented>0</segmented>
  <object>
    <name>闭眼</name>
    <truncated>0</truncated>
    <difficult>0</difficult>
    <occluded>0</occluded>
    <bndbox>
      <xmin>98</xmin>
      <ymin>155</ymin>
      <xmax>126</xmax>
      <ymax>174</ymax>
    </bndbox>
  </object>
  <object>
    <name>闭眼</name>
    <truncated>0</truncated>
    <difficult>0</difficult>
    <occluded>0</occluded>
    <bndbox>
      <xmin>137</xmin>
      <ymin>165</ymin>
      <xmax>150</xmax>
      <ymax>177</ymax>
    </bndbox>
  </object>
</annotation>