<?xml version="1.0" encoding="UTF-8"?>
<annotation>
  <filename>42_318.jpg</filename>
  <size>
    <width>277</width>
    <height>416</height>
    <depth>3</depth>
  </size>
  <segmented>0</segmented>
  <object>
    <name>闭眼</name>
    <truncated>0</truncated>
    <difficult>0</difficult>
    <occluded>0</occluded>
    <bndbox>
      <xmin>98</xmin>
      <ymin>157</ymin>
      <xmax>126</xmax>
      <ymax>175</ymax>
    </bndbox>
  </object>
  <object>
    <name>闭眼</name>
    <truncated>0</truncated>
    <difficult>0</difficult>
    <occluded>0</occluded>
    <bndbox>
      <xmin>133</xmin>
      <ymin>161</ymin>
      <xmax>145</xmax>
      <ymax>178</ymax>
    </bndbox>
  </object>
</annotation>