<?xml version="1.0" encoding="UTF-8"?>
<annotation>
  <filename>43_22.jpg</filename>
  <size>
    <width>416</width>
    <height>208</height>
    <depth>3</depth>
  </size>
  <segmented>0</segmented>
  <object>
    <name>闭眼</name>
    <truncated>0</truncated>
    <difficult>0</difficult>
    <occluded>0</occluded>
    <bndbox>
      <xmin>151</xmin>
      <ymin>69</ymin>
      <xmax>186</xmax>
      <ymax>95</ymax>
    </bndbox>
  </object>
  <object>
    <name>闭眼</name>
    <truncated>0</truncated>
    <difficult>0</difficult>
    <occluded>0</occluded>
    <bndbox>
      <xmin>213</xmin>
      <ymin>68</ymin>
      <xmax>252</xmax>
      <ymax>96</ymax>
    </bndbox>
  </object>
</annotation>