<?xml version="1.0" encoding="UTF-8"?>
<annotation>
  <filename>43_319.jpg</filename>
  <size>
    <width>416</width>
    <height>208</height>
    <depth>3</depth>
  </size>
  <segmented>0</segmented>
  <object>
    <name>闭眼</name>
    <truncated>0</truncated>
    <difficult>0</difficult>
    <occluded>0</occluded>
    <bndbox>
      <xmin>145</xmin>
      <ymin>68</ymin>
      <xmax>184</xmax>
      <ymax>93</ymax>
    </bndbox>
  </object>
  <object>
    <name>闭眼</name>
    <truncated>0</truncated>
    <difficult>0</difficult>
    <occluded>0</occluded>
    <bndbox>
      <xmin>214</xmin>
      <ymin>67</ymin>
      <xmax>257</xmax>
      <ymax>91</ymax>
    </bndbox>
  </object>
</annotation>