<?xml version="1.0" encoding="UTF-8"?>
<annotation>
  <filename>44_320.jpg</filename>
  <size>
    <width>341</width>
    <height>416</height>
    <depth>3</depth>
  </size>
  <segmented>0</segmented>
  <object>
    <name>闭眼</name>
    <truncated>0</truncated>
    <difficult>0</difficult>
    <occluded>0</occluded>
    <bndbox>
      <xmin>137</xmin>
      <ymin>191</ymin>
      <xmax>171</xmax>
      <ymax>216</ymax>
    </bndbox>
  </object>
  <object>
    <name>闭眼</name>
    <truncated>0</truncated>
    <difficult>0</difficult>
    <occluded>0</occluded>
    <bndbox>
      <xmin>190</xmin>
      <ymin>190</ymin>
      <xmax>223</xmax>
      <ymax>214</ymax>
    </bndbox>
  </object>
</annotation>