<?xml version="1.0" encoding="UTF-8"?>
<annotation>
  <filename>45_27.jpg</filename>
  <size>
    <width>416</width>
    <height>277</height>
    <depth>3</depth>
  </size>
  <segmented>0</segmented>
  <object>
    <name>闭眼</name>
    <truncated>0</truncated>
    <difficult>0</difficult>
    <occluded>0</occluded>
    <bndbox>
      <xmin>154</xmin>
      <ymin>99</ymin>
      <xmax>194</xmax>
      <ymax>124</ymax>
    </bndbox>
  </object>
  <object>
    <name>闭眼</name>
    <truncated>0</truncated>
    <difficult>0</difficult>
    <occluded>0</occluded>
    <bndbox>
      <xmin>221</xmin>
      <ymin>100</ymin>
      <xmax>260</xmax>
      <ymax>129</ymax>
    </bndbox>
  </object>
</annotation>