<?xml version="1.0" encoding="UTF-8"?>
<annotation>
  <filename>45_321.jpg</filename>
  <size>
    <width>416</width>
    <height>277</height>
    <depth>3</depth>
  </size>
  <segmented>0</segmented>
  <object>
    <name>闭眼</name>
    <truncated>0</truncated>
    <difficult>0</difficult>
    <occluded>0</occluded>
    <bndbox>
      <xmin>156</xmin>
      <ymin>105</ymin>
      <xmax>194</xmax>
      <ymax>126</ymax>
    </bndbox>
  </object>
  <object>
    <name>闭眼</name>
    <truncated>0</truncated>
    <difficult>0</difficult>
    <occluded>0</occluded>
    <bndbox>
      <xmin>222</xmin>
      <ymin>105</ymin>
      <xmax>259</xmax>
      <ymax>129</ymax>
    </bndbox>
  </object>
</annotation>