<?xml version="1.0" encoding="UTF-8"?>
<annotation>
  <filename>46_25.jpg</filename>
  <size>
    <width>277</width>
    <height>416</height>
    <depth>3</depth>
  </size>
  <segmented>0</segmented>
  <object>
    <name>闭眼</name>
    <truncated>0</truncated>
    <difficult>0</difficult>
    <occluded>0</occluded>
    <bndbox>
      <xmin>48</xmin>
      <ymin>242</ymin>
      <xmax>74</xmax>
      <ymax>265</ymax>
    </bndbox>
  </object>
  <object>
    <name>闭眼</name>
    <truncated>0</truncated>
    <difficult>0</difficult>
    <occluded>0</occluded>
    <bndbox>
      <xmin>87</xmin>
      <ymin>214</ymin>
      <xmax>122</xmax>
      <ymax>240</ymax>
    </bndbox>
  </object>
</annotation>