<?xml version="1.0" encoding="UTF-8"?>
<annotation>
  <filename>46_322.jpg</filename>
  <size>
    <width>277</width>
    <height>416</height>
    <depth>3</depth>
  </size>
  <segmented>0</segmented>
  <object>
    <name>闭眼</name>
    <truncated>0</truncated>
    <difficult>0</difficult>
    <occluded>0</occluded>
    <bndbox>
      <xmin>50</xmin>
      <ymin>243</ymin>
      <xmax>77</xmax>
      <ymax>264</ymax>
    </bndbox>
  </object>
  <object>
    <name>闭眼</name>
    <truncated>0</truncated>
    <difficult>0</difficult>
    <occluded>0</occluded>
    <bndbox>
      <xmin>89</xmin>
      <ymin>218</ymin>
      <xmax>121</xmax>
      <ymax>237</ymax>
    </bndbox>
  </object>
</annotation>