<?xml version="1.0" encoding="UTF-8"?>
<annotation>
  <filename>47_26.jpg</filename>
  <size>
    <width>276</width>
    <height>416</height>
    <depth>3</depth>
  </size>
  <segmented>0</segmented>
  <object>
    <name>闭眼</name>
    <truncated>0</truncated>
    <difficult>0</difficult>
    <occluded>0</occluded>
    <bndbox>
      <xmin>77</xmin>
      <ymin>145</ymin>
      <xmax>121</xmax>
      <ymax>173</ymax>
    </bndbox>
  </object>
  <object>
    <name>闭眼</name>
    <truncated>0</truncated>
    <difficult>0</difficult>
    <occluded>0</occluded>
    <bndbox>
      <xmin>149</xmin>
      <ymin>146</ymin>
      <xmax>201</xmax>
      <ymax>182</ymax>
    </bndbox>
  </object>
</annotation>