<?xml version="1.0" encoding="UTF-8"?>
<annotation>
  <filename>47_323.jpg</filename>
  <size>
    <width>276</width>
    <height>416</height>
    <depth>3</depth>
  </size>
  <segmented>0</segmented>
  <object>
    <name>闭眼</name>
    <truncated>0</truncated>
    <difficult>0</difficult>
    <occluded>0</occluded>
    <bndbox>
      <xmin>68</xmin>
      <ymin>138</ymin>
      <xmax>114</xmax>
      <ymax>172</ymax>
    </bndbox>
  </object>
  <object>
    <name>闭眼</name>
    <truncated>0</truncated>
    <difficult>0</difficult>
    <occluded>0</occluded>
    <bndbox>
      <xmin>152</xmin>
      <ymin>142</ymin>
      <xmax>196</xmax>
      <ymax>174</ymax>
    </bndbox>
  </object>
</annotation>