<?xml version="1.0" encoding="UTF-8"?>
<annotation>
  <filename>49_28.jpg</filename>
  <size>
    <width>276</width>
    <height>416</height>
    <depth>3</depth>
  </size>
  <segmented>0</segmented>
  <object>
    <name>闭眼</name>
    <truncated>0</truncated>
    <difficult>0</difficult>
    <occluded>0</occluded>
    <bndbox>
      <xmin>98</xmin>
      <ymin>121</ymin>
      <xmax>129</xmax>
      <ymax>149</ymax>
    </bndbox>
  </object>
  <object>
    <name>闭眼</name>
    <truncated>0</truncated>
    <difficult>0</difficult>
    <occluded>0</occluded>
    <bndbox>
      <xmin>145</xmin>
      <ymin>150</ymin>
      <xmax>171</xmax>
      <ymax>179</ymax>
    </bndbox>
  </object>
</annotation>