<?xml version="1.0" encoding="UTF-8"?>
<annotation>
  <filename>49_353.jpg</filename>
  <size>
    <width>276</width>
    <height>416</height>
    <depth>3</depth>
  </size>
  <segmented>0</segmented>
  <object>
    <name>闭眼</name>
    <truncated>0</truncated>
    <difficult>0</difficult>
    <occluded>0</occluded>
    <bndbox>
      <xmin>97</xmin>
      <ymin>119</ymin>
      <xmax>133</xmax>
      <ymax>150</ymax>
    </bndbox>
  </object>
  <object>
    <name>闭眼</name>
    <truncated>0</truncated>
    <difficult>0</difficult>
    <occluded>0</occluded>
    <bndbox>
      <xmin>142</xmin>
      <ymin>151</ymin>
      <xmax>172</xmax>
      <ymax>178</ymax>
    </bndbox>
  </object>
</annotation>