<?xml version="1.0" encoding="UTF-8"?>
<annotation>
  <filename>4_298.jpg</filename>
  <size>
    <width>277</width>
    <height>416</height>
    <depth>3</depth>
  </size>
  <segmented>0</segmented>
  <object>
    <name>闭眼</name>
    <truncated>0</truncated>
    <difficult>0</difficult>
    <occluded>0</occluded>
    <bndbox>
      <xmin>43</xmin>
      <ymin>189</ymin>
      <xmax>102</xmax>
      <ymax>224</ymax>
    </bndbox>
  </object>
  <object>
    <name>闭眼</name>
    <truncated>0</truncated>
    <difficult>0</difficult>
    <occluded>0</occluded>
    <bndbox>
      <xmin>140</xmin>
      <ymin>181</ymin>
      <xmax>206</xmax>
      <ymax>224</ymax>
    </bndbox>
  </object>
</annotation>