<?xml version="1.0" encoding="UTF-8"?>
<annotation>
  <filename>4_4.jpg</filename>
  <size>
    <width>277</width>
    <height>416</height>
    <depth>3</depth>
  </size>
  <segmented>0</segmented>
  <object>
    <name>闭眼</name>
    <truncated>0</truncated>
    <difficult>0</difficult>
    <occluded>0</occluded>
    <bndbox>
      <xmin>38</xmin>
      <ymin>187</ymin>
      <xmax>108</xmax>
      <ymax>232</ymax>
    </bndbox>
  </object>
  <object>
    <name>闭眼</name>
    <truncated>0</truncated>
    <difficult>0</difficult>
    <occluded>0</occluded>
    <bndbox>
      <xmin>135</xmin>
      <ymin>184</ymin>
      <xmax>211</xmax>
      <ymax>232</ymax>
    </bndbox>
  </object>
</annotation>