<?xml version="1.0" encoding="UTF-8"?>
<annotation>
  <filename>50_85.jpg</filename>
  <size>
    <width>278</width>
    <height>416</height>
    <depth>3</depth>
  </size>
  <segmented>0</segmented>
  <object>
    <name>闭眼</name>
    <truncated>0</truncated>
    <difficult>0</difficult>
    <occluded>0</occluded>
    <bndbox>
      <xmin>25</xmin>
      <ymin>137</ymin>
      <xmax>87</xmax>
      <ymax>174</ymax>
    </bndbox>
  </object>
  <object>
    <name>闭眼</name>
    <truncated>0</truncated>
    <difficult>0</difficult>
    <occluded>0</occluded>
    <bndbox>
      <xmin>131</xmin>
      <ymin>130</ymin>
      <xmax>206</xmax>
      <ymax>170</ymax>
    </bndbox>
  </object>
</annotation>