<?xml version="1.0" encoding="UTF-8"?>
<annotation>
  <filename>53_354.jpg</filename>
  <size>
    <width>416</width>
    <height>277</height>
    <depth>3</depth>
  </size>
  <segmented>0</segmented>
  <object>
    <name>闭眼</name>
    <truncated>0</truncated>
    <difficult>0</difficult>
    <occluded>0</occluded>
    <bndbox>
      <xmin>155</xmin>
      <ymin>50</ymin>
      <xmax>181</xmax>
      <ymax>72</ymax>
    </bndbox>
  </object>
  <object>
    <name>闭眼</name>
    <truncated>0</truncated>
    <difficult>0</difficult>
    <occluded>0</occluded>
    <bndbox>
      <xmin>186</xmin>
      <ymin>52</ymin>
      <xmax>203</xmax>
      <ymax>73</ymax>
    </bndbox>
  </object>
</annotation>