<?xml version="1.0" encoding="UTF-8"?>
<annotation>
  <filename>53_86.jpg</filename>
  <size>
    <width>416</width>
    <height>277</height>
    <depth>3</depth>
  </size>
  <segmented>0</segmented>
  <object>
    <name>闭眼</name>
    <truncated>0</truncated>
    <difficult>0</difficult>
    <occluded>0</occluded>
    <bndbox>
      <xmin>154</xmin>
      <ymin>52</ymin>
      <xmax>181</xmax>
      <ymax>72</ymax>
    </bndbox>
  </object>
  <object>
    <name>闭眼</name>
    <truncated>0</truncated>
    <difficult>0</difficult>
    <occluded>0</occluded>
    <bndbox>
      <xmin>188</xmin>
      <ymin>55</ymin>
      <xmax>204</xmax>
      <ymax>75</ymax>
    </bndbox>
  </object>
</annotation>