<?xml version="1.0" encoding="UTF-8"?>
<annotation>
  <filename>54_355.jpg</filename>
  <size>
    <width>277</width>
    <height>416</height>
    <depth>3</depth>
  </size>
  <segmented>0</segmented>
  <object>
    <name>闭眼</name>
    <truncated>0</truncated>
    <difficult>0</difficult>
    <occluded>0</occluded>
    <bndbox>
      <xmin>95</xmin>
      <ymin>56</ymin>
      <xmax>122</xmax>
      <ymax>86</ymax>
    </bndbox>
  </object>
  <object>
    <name>闭眼</name>
    <truncated>0</truncated>
    <difficult>0</difficult>
    <occluded>0</occluded>
    <bndbox>
      <xmin>151</xmin>
      <ymin>61</ymin>
      <xmax>194</xmax>
      <ymax>88</ymax>
    </bndbox>
  </object>
</annotation>