<?xml version="1.0" encoding="UTF-8"?>
<annotation>
  <filename>54_87.jpg</filename>
  <size>
    <width>277</width>
    <height>416</height>
    <depth>3</depth>
  </size>
  <segmented>0</segmented>
  <object>
    <name>闭眼</name>
    <truncated>0</truncated>
    <difficult>0</difficult>
    <occluded>0</occluded>
    <bndbox>
      <xmin>93</xmin>
      <ymin>57</ymin>
      <xmax>126</xmax>
      <ymax>85</ymax>
    </bndbox>
  </object>
  <object>
    <name>闭眼</name>
    <truncated>0</truncated>
    <difficult>0</difficult>
    <occluded>0</occluded>
    <bndbox>
      <xmin>146</xmin>
      <ymin>59</ymin>
      <xmax>194</xmax>
      <ymax>91</ymax>
    </bndbox>
  </object>
</annotation>