<?xml version="1.0" encoding="UTF-8"?>
<annotation>
  <filename>56_356.jpg</filename>
  <size>
    <width>416</width>
    <height>277</height>
    <depth>3</depth>
  </size>
  <segmented>0</segmented>
  <object>
    <name>闭眼</name>
    <truncated>0</truncated>
    <difficult>0</difficult>
    <occluded>0</occluded>
    <bndbox>
      <xmin>100</xmin>
      <ymin>11</ymin>
      <xmax>168</xmax>
      <ymax>63</ymax>
    </bndbox>
  </object>
  <object>
    <name>闭眼</name>
    <truncated>0</truncated>
    <difficult>0</difficult>
    <occluded>0</occluded>
    <bndbox>
      <xmin>207</xmin>
      <ymin>61</ymin>
      <xmax>283</xmax>
      <ymax>122</ymax>
    </bndbox>
  </object>
</annotation>