<?xml version="1.0" encoding="UTF-8"?>
<annotation>
  <filename>58_326.jpg</filename>
  <size>
    <width>277</width>
    <height>416</height>
    <depth>3</depth>
  </size>
  <segmented>0</segmented>
  <object>
    <name>闭眼</name>
    <truncated>0</truncated>
    <difficult>0</difficult>
    <occluded>0</occluded>
    <bndbox>
      <xmin>116</xmin>
      <ymin>93</ymin>
      <xmax>168</xmax>
      <ymax>133</ymax>
    </bndbox>
  </object>
  <object>
    <name>闭眼</name>
    <truncated>0</truncated>
    <difficult>0</difficult>
    <occluded>0</occluded>
    <bndbox>
      <xmin>179</xmin>
      <ymin>108</ymin>
      <xmax>221</xmax>
      <ymax>143</ymax>
    </bndbox>
  </object>
</annotation>