<?xml version="1.0" encoding="UTF-8"?>
<annotation>
  <filename>58_90.jpg</filename>
  <size>
    <width>277</width>
    <height>416</height>
    <depth>3</depth>
  </size>
  <segmented>0</segmented>
  <object>
    <name>闭眼</name>
    <truncated>0</truncated>
    <difficult>0</difficult>
    <occluded>0</occluded>
    <bndbox>
      <xmin>123</xmin>
      <ymin>97</ymin>
      <xmax>161</xmax>
      <ymax>126</ymax>
    </bndbox>
  </object>
  <object>
    <name>闭眼</name>
    <truncated>0</truncated>
    <difficult>0</difficult>
    <occluded>0</occluded>
    <bndbox>
      <xmin>188</xmin>
      <ymin>111</ymin>
      <xmax>221</xmax>
      <ymax>135</ymax>
    </bndbox>
  </object>
</annotation>