<?xml version="1.0" encoding="UTF-8"?>
<annotation>
  <filename>59_91.jpg</filename>
  <size>
    <width>416</width>
    <height>277</height>
    <depth>3</depth>
  </size>
  <segmented>0</segmented>
  <object>
    <name>闭眼</name>
    <truncated>0</truncated>
    <difficult>0</difficult>
    <occluded>0</occluded>
    <bndbox>
      <xmin>170</xmin>
      <ymin>111</ymin>
      <xmax>209</xmax>
      <ymax>131</ymax>
    </bndbox>
  </object>
  <object>
    <name>闭眼</name>
    <truncated>0</truncated>
    <difficult>0</difficult>
    <occluded>0</occluded>
    <bndbox>
      <xmin>230</xmin>
      <ymin>111</ymin>
      <xmax>268</xmax>
      <ymax>130</ymax>
    </bndbox>
  </object>
</annotation>