<?xml version="1.0" encoding="UTF-8"?>
<annotation>
  <filename>60_325.jpg</filename>
  <size>
    <width>277</width>
    <height>416</height>
    <depth>3</depth>
  </size>
  <segmented>0</segmented>
  <object>
    <name>闭眼</name>
    <truncated>0</truncated>
    <difficult>0</difficult>
    <occluded>0</occluded>
    <bndbox>
      <xmin>137</xmin>
      <ymin>104</ymin>
      <xmax>166</xmax>
      <ymax>125</ymax>
    </bndbox>
  </object>
  <object>
    <name>闭眼</name>
    <truncated>0</truncated>
    <difficult>0</difficult>
    <occluded>0</occluded>
    <bndbox>
      <xmin>168</xmin>
      <ymin>122</ymin>
      <xmax>192</xmax>
      <ymax>157</ymax>
    </bndbox>
  </object>
</annotation>