<?xml version="1.0" encoding="UTF-8"?>
<annotation>
  <filename>60_93.jpg</filename>
  <size>
    <width>277</width>
    <height>416</height>
    <depth>3</depth>
  </size>
  <segmented>0</segmented>
  <object>
    <name>闭眼</name>
    <truncated>0</truncated>
    <difficult>0</difficult>
    <occluded>0</occluded>
    <bndbox>
      <xmin>136</xmin>
      <ymin>102</ymin>
      <xmax>165</xmax>
      <ymax>124</ymax>
    </bndbox>
  </object>
  <object>
    <name>闭眼</name>
    <truncated>0</truncated>
    <difficult>0</difficult>
    <occluded>0</occluded>
    <bndbox>
      <xmin>170</xmin>
      <ymin>128</ymin>
      <xmax>196</xmax>
      <ymax>155</ymax>
    </bndbox>
  </object>
</annotation>