<?xml version="1.0" encoding="UTF-8"?>
<annotation>
  <filename>61_358.jpg</filename>
  <size>
    <width>416</width>
    <height>277</height>
    <depth>3</depth>
  </size>
  <segmented>0</segmented>
  <object>
    <name>闭眼</name>
    <truncated>0</truncated>
    <difficult>0</difficult>
    <occluded>0</occluded>
    <bndbox>
      <xmin>148</xmin>
      <ymin>114</ymin>
      <xmax>189</xmax>
      <ymax>137</ymax>
    </bndbox>
  </object>
  <object>
    <name>闭眼</name>
    <truncated>0</truncated>
    <difficult>0</difficult>
    <occluded>0</occluded>
    <bndbox>
      <xmin>215</xmin>
      <ymin>111</ymin>
      <xmax>254</xmax>
      <ymax>135</ymax>
    </bndbox>
  </object>
</annotation>