<?xml version="1.0" encoding="UTF-8"?>
<annotation>
  <filename>62_97.jpg</filename>
  <size>
    <width>277</width>
    <height>416</height>
    <depth>3</depth>
  </size>
  <segmented>0</segmented>
  <object>
    <name>闭眼</name>
    <truncated>0</truncated>
    <difficult>0</difficult>
    <occluded>0</occluded>
    <bndbox>
      <xmin>113</xmin>
      <ymin>142</ymin>
      <xmax>160</xmax>
      <ymax>177</ymax>
    </bndbox>
  </object>
  <object>
    <name>闭眼</name>
    <truncated>0</truncated>
    <difficult>0</difficult>
    <occluded>0</occluded>
    <bndbox>
      <xmin>184</xmin>
      <ymin>164</ymin>
      <xmax>224</xmax>
      <ymax>194</ymax>
    </bndbox>
  </object>
</annotation>