<?xml version="1.0" encoding="UTF-8"?>
<annotation>
  <filename>64_29.jpg</filename>
  <size>
    <width>416</width>
    <height>260</height>
    <depth>3</depth>
  </size>
  <segmented>0</segmented>
  <object>
    <name>闭眼</name>
    <truncated>0</truncated>
    <difficult>0</difficult>
    <occluded>0</occluded>
    <bndbox>
      <xmin>217</xmin>
      <ymin>52</ymin>
      <xmax>240</xmax>
      <ymax>79</ymax>
    </bndbox>
  </object>
  <object>
    <name>闭眼</name>
    <truncated>0</truncated>
    <difficult>0</difficult>
    <occluded>0</occluded>
    <bndbox>
      <xmin>249</xmin>
      <ymin>74</ymin>
      <xmax>274</xmax>
      <ymax>105</ymax>
    </bndbox>
  </object>
</annotation>