<?xml version="1.0" encoding="UTF-8"?>
<annotation>
  <filename>64_360.jpg</filename>
  <size>
    <width>416</width>
    <height>260</height>
    <depth>3</depth>
  </size>
  <segmented>0</segmented>
  <object>
    <name>闭眼</name>
    <truncated>0</truncated>
    <difficult>0</difficult>
    <occluded>0</occluded>
    <bndbox>
      <xmin>216</xmin>
      <ymin>51</ymin>
      <xmax>238</xmax>
      <ymax>73</ymax>
    </bndbox>
  </object>
  <object>
    <name>闭眼</name>
    <truncated>0</truncated>
    <difficult>0</difficult>
    <occluded>0</occluded>
    <bndbox>
      <xmin>244</xmin>
      <ymin>69</ymin>
      <xmax>266</xmax>
      <ymax>99</ymax>
    </bndbox>
  </object>
</annotation>