<?xml version="1.0" encoding="UTF-8"?>
<annotation>
  <filename>65_30.jpg</filename>
  <size>
    <width>277</width>
    <height>416</height>
    <depth>3</depth>
  </size>
  <segmented>0</segmented>
  <object>
    <name>闭眼</name>
    <truncated>0</truncated>
    <difficult>0</difficult>
    <occluded>0</occluded>
    <bndbox>
      <xmin>109</xmin>
      <ymin>85</ymin>
      <xmax>142</xmax>
      <ymax>110</ymax>
    </bndbox>
  </object>
  <object>
    <name>闭眼</name>
    <truncated>0</truncated>
    <difficult>0</difficult>
    <occluded>0</occluded>
    <bndbox>
      <xmin>157</xmin>
      <ymin>84</ymin>
      <xmax>191</xmax>
      <ymax>108</ymax>
    </bndbox>
  </object>
</annotation>