<?xml version="1.0" encoding="UTF-8"?>
<annotation>
  <filename>65_362.jpg</filename>
  <size>
    <width>277</width>
    <height>416</height>
    <depth>3</depth>
  </size>
  <segmented>0</segmented>
  <object>
    <name>闭眼</name>
    <truncated>0</truncated>
    <difficult>0</difficult>
    <occluded>0</occluded>
    <bndbox>
      <xmin>103</xmin>
      <ymin>85</ymin>
      <xmax>135</xmax>
      <ymax>106</ymax>
    </bndbox>
  </object>
  <object>
    <name>闭眼</name>
    <truncated>0</truncated>
    <difficult>0</difficult>
    <occluded>0</occluded>
    <bndbox>
      <xmin>154</xmin>
      <ymin>84</ymin>
      <xmax>188</xmax>
      <ymax>107</ymax>
    </bndbox>
  </object>
</annotation>