<?xml version="1.0" encoding="UTF-8"?>
<annotation>
  <filename>66_328.jpg</filename>
  <size>
    <width>416</width>
    <height>416</height>
    <depth>3</depth>
  </size>
  <segmented>0</segmented>
  <object>
    <name>闭眼</name>
    <truncated>0</truncated>
    <difficult>0</difficult>
    <occluded>0</occluded>
    <bndbox>
      <xmin>95</xmin>
      <ymin>69</ymin>
      <xmax>170</xmax>
      <ymax>125</ymax>
    </bndbox>
  </object>
  <object>
    <name>闭眼</name>
    <truncated>0</truncated>
    <difficult>0</difficult>
    <occluded>0</occluded>
    <bndbox>
      <xmin>227</xmin>
      <ymin>76</ymin>
      <xmax>310</xmax>
      <ymax>130</ymax>
    </bndbox>
  </object>
</annotation>