<?xml version="1.0" encoding="UTF-8"?>
<annotation>
  <filename>66_31.jpg</filename>
  <size>
    <width>416</width>
    <height>416</height>
    <depth>3</depth>
  </size>
  <segmented>0</segmented>
  <object>
    <name>闭眼</name>
    <truncated>0</truncated>
    <difficult>0</difficult>
    <occluded>0</occluded>
    <bndbox>
      <xmin>90</xmin>
      <ymin>76</ymin>
      <xmax>176</xmax>
      <ymax>124</ymax>
    </bndbox>
  </object>
  <object>
    <name>闭眼</name>
    <truncated>0</truncated>
    <difficult>0</difficult>
    <occluded>0</occluded>
    <bndbox>
      <xmin>231</xmin>
      <ymin>81</ymin>
      <xmax>309</xmax>
      <ymax>133</ymax>
    </bndbox>
  </object>
</annotation>