<?xml version="1.0" encoding="UTF-8"?>
<annotation>
  <filename>67_32.jpg</filename>
  <size>
    <width>416</width>
    <height>277</height>
    <depth>3</depth>
  </size>
  <segmented>0</segmented>
  <object>
    <name>闭眼</name>
    <truncated>0</truncated>
    <difficult>0</difficult>
    <occluded>0</occluded>
    <bndbox>
      <xmin>115</xmin>
      <ymin>93</ymin>
      <xmax>150</xmax>
      <ymax>121</ymax>
    </bndbox>
  </object>
  <object>
    <name>闭眼</name>
    <truncated>0</truncated>
    <difficult>0</difficult>
    <occluded>0</occluded>
    <bndbox>
      <xmin>170</xmin>
      <ymin>95</ymin>
      <xmax>201</xmax>
      <ymax>120</ymax>
    </bndbox>
  </object>
</annotation>