<?xml version="1.0" encoding="UTF-8"?>
<annotation>
  <filename>67_327.jpg</filename>
  <size>
    <width>416</width>
    <height>277</height>
    <depth>3</depth>
  </size>
  <segmented>0</segmented>
  <object>
    <name>闭眼</name>
    <truncated>0</truncated>
    <difficult>0</difficult>
    <occluded>0</occluded>
    <bndbox>
      <xmin>110</xmin>
      <ymin>87</ymin>
      <xmax>146</xmax>
      <ymax>117</ymax>
    </bndbox>
  </object>
  <object>
    <name>闭眼</name>
    <truncated>0</truncated>
    <difficult>0</difficult>
    <occluded>0</occluded>
    <bndbox>
      <xmin>170</xmin>
      <ymin>92</ymin>
      <xmax>203</xmax>
      <ymax>123</ymax>
    </bndbox>
  </object>
</annotation>