<?xml version="1.0" encoding="UTF-8"?>
<annotation>
  <filename>69_364.jpg</filename>
  <size>
    <width>277</width>
    <height>416</height>
    <depth>3</depth>
  </size>
  <segmented>0</segmented>
  <object>
    <name>闭眼</name>
    <truncated>0</truncated>
    <difficult>0</difficult>
    <occluded>0</occluded>
    <bndbox>
      <xmin>82</xmin>
      <ymin>90</ymin>
      <xmax>128</xmax>
      <ymax>116</ymax>
    </bndbox>
  </object>
  <object>
    <name>闭眼</name>
    <truncated>0</truncated>
    <difficult>0</difficult>
    <occluded>0</occluded>
    <bndbox>
      <xmin>155</xmin>
      <ymin>92</ymin>
      <xmax>199</xmax>
      <ymax>122</ymax>
    </bndbox>
  </object>
</annotation>