<?xml version="1.0" encoding="UTF-8"?>
<annotation>
  <filename>69_33.jpg</filename>
  <size>
    <width>277</width>
    <height>416</height>
    <depth>3</depth>
  </size>
  <segmented>0</segmented>
  <object>
    <name>闭眼</name>
    <truncated>0</truncated>
    <difficult>0</difficult>
    <occluded>0</occluded>
    <bndbox>
      <xmin>83</xmin>
      <ymin>90</ymin>
      <xmax>129</xmax>
      <ymax>118</ymax>
    </bndbox>
  </object>
  <object>
    <name>闭眼</name>
    <truncated>0</truncated>
    <difficult>0</difficult>
    <occluded>0</occluded>
    <bndbox>
      <xmin>149</xmin>
      <ymin>90</ymin>
      <xmax>202</xmax>
      <ymax>117</ymax>
    </bndbox>
  </object>
</annotation>