<?xml version="1.0" encoding="UTF-8"?>
<annotation>
  <filename>72_35.jpg</filename>
  <size>
    <width>416</width>
    <height>416</height>
    <depth>3</depth>
  </size>
  <segmented>0</segmented>
  <object>
    <name>闭眼</name>
    <truncated>0</truncated>
    <difficult>0</difficult>
    <occluded>0</occluded>
    <bndbox>
      <xmin>160</xmin>
      <ymin>191</ymin>
      <xmax>206</xmax>
      <ymax>220</ymax>
    </bndbox>
  </object>
  <object>
    <name>闭眼</name>
    <truncated>0</truncated>
    <difficult>0</difficult>
    <occluded>0</occluded>
    <bndbox>
      <xmin>227</xmin>
      <ymin>193</ymin>
      <xmax>274</xmax>
      <ymax>223</ymax>
    </bndbox>
  </object>
</annotation>