<?xml version="1.0" encoding="UTF-8"?>
<annotation>
  <filename>72_366.jpg</filename>
  <size>
    <width>416</width>
    <height>416</height>
    <depth>3</depth>
  </size>
  <segmented>0</segmented>
  <object>
    <name>闭眼</name>
    <truncated>0</truncated>
    <difficult>0</difficult>
    <occluded>0</occluded>
    <bndbox>
      <xmin>161</xmin>
      <ymin>192</ymin>
      <xmax>200</xmax>
      <ymax>215</ymax>
    </bndbox>
  </object>
  <object>
    <name>闭眼</name>
    <truncated>0</truncated>
    <difficult>0</difficult>
    <occluded>0</occluded>
    <bndbox>
      <xmin>228</xmin>
      <ymin>192</ymin>
      <xmax>265</xmax>
      <ymax>216</ymax>
    </bndbox>
  </object>
</annotation>