<?xml version="1.0" encoding="UTF-8"?>
<annotation>
  <filename>73_36.jpg</filename>
  <size>
    <width>311</width>
    <height>416</height>
    <depth>3</depth>
  </size>
  <segmented>0</segmented>
  <object>
    <name>闭眼</name>
    <truncated>0</truncated>
    <difficult>0</difficult>
    <occluded>0</occluded>
    <bndbox>
      <xmin>52</xmin>
      <ymin>112</ymin>
      <xmax>153</xmax>
      <ymax>171</ymax>
    </bndbox>
  </object>
  <object>
    <name>闭眼</name>
    <truncated>0</truncated>
    <difficult>0</difficult>
    <occluded>0</occluded>
    <bndbox>
      <xmin>212</xmin>
      <ymin>102</ymin>
      <xmax>306</xmax>
      <ymax>165</ymax>
    </bndbox>
  </object>
</annotation>