<?xml version="1.0" encoding="UTF-8"?>
<annotation>
  <filename>73_331.jpg</filename>
  <size>
    <width>311</width>
    <height>416</height>
    <depth>3</depth>
  </size>
  <segmented>0</segmented>
  <object>
    <name>闭眼</name>
    <truncated>0</truncated>
    <difficult>0</difficult>
    <occluded>0</occluded>
    <bndbox>
      <xmin>55</xmin>
      <ymin>115</ymin>
      <xmax>152</xmax>
      <ymax>175</ymax>
    </bndbox>
  </object>
  <object>
    <name>闭眼</name>
    <truncated>0</truncated>
    <difficult>0</difficult>
    <occluded>0</occluded>
    <bndbox>
      <xmin>220</xmin>
      <ymin>105</ymin>
      <xmax>309</xmax>
      <ymax>173</ymax>
    </bndbox>
  </object>
</annotation>