<?xml version="1.0" encoding="UTF-8"?>
<annotation>
  <filename>74_330.jpg</filename>
  <size>
    <width>277</width>
    <height>416</height>
    <depth>3</depth>
  </size>
  <segmented>0</segmented>
  <object>
    <name>闭眼</name>
    <truncated>0</truncated>
    <difficult>0</difficult>
    <occluded>0</occluded>
    <bndbox>
      <xmin>88</xmin>
      <ymin>84</ymin>
      <xmax>127</xmax>
      <ymax>121</ymax>
    </bndbox>
  </object>
  <object>
    <name>闭眼</name>
    <truncated>0</truncated>
    <difficult>0</difficult>
    <occluded>0</occluded>
    <bndbox>
      <xmin>155</xmin>
      <ymin>121</ymin>
      <xmax>218</xmax>
      <ymax>170</ymax>
    </bndbox>
  </object>
</annotation>