<?xml version="1.0" encoding="UTF-8"?>
<annotation>
  <filename>74_37.jpg</filename>
  <size>
    <width>277</width>
    <height>416</height>
    <depth>3</depth>
  </size>
  <segmented>0</segmented>
  <object>
    <name>闭眼</name>
    <truncated>0</truncated>
    <difficult>0</difficult>
    <occluded>0</occluded>
    <bndbox>
      <xmin>95</xmin>
      <ymin>94</ymin>
      <xmax>128</xmax>
      <ymax>124</ymax>
    </bndbox>
  </object>
  <object>
    <name>闭眼</name>
    <truncated>0</truncated>
    <difficult>0</difficult>
    <occluded>0</occluded>
    <bndbox>
      <xmin>155</xmin>
      <ymin>125</ymin>
      <xmax>206</xmax>
      <ymax>168</ymax>
    </bndbox>
  </object>
</annotation>