<?xml version="1.0" encoding="UTF-8"?>
<annotation>
  <filename>75_38.jpg</filename>
  <size>
    <width>276</width>
    <height>416</height>
    <depth>3</depth>
  </size>
  <segmented>0</segmented>
  <object>
    <name>闭眼</name>
    <truncated>0</truncated>
    <difficult>0</difficult>
    <occluded>0</occluded>
    <bndbox>
      <xmin>127</xmin>
      <ymin>96</ymin>
      <xmax>149</xmax>
      <ymax>116</ymax>
    </bndbox>
  </object>
  <object>
    <name>闭眼</name>
    <truncated>0</truncated>
    <difficult>0</difficult>
    <occluded>0</occluded>
    <bndbox>
      <xmin>172</xmin>
      <ymin>103</ymin>
      <xmax>199</xmax>
      <ymax>118</ymax>
    </bndbox>
  </object>
</annotation>