<?xml version="1.0" encoding="UTF-8"?>
<annotation>
  <filename>75_329.jpg</filename>
  <size>
    <width>276</width>
    <height>416</height>
    <depth>3</depth>
  </size>
  <segmented>0</segmented>
  <object>
    <name>闭眼</name>
    <truncated>0</truncated>
    <difficult>0</difficult>
    <occluded>0</occluded>
    <bndbox>
      <xmin>123</xmin>
      <ymin>98</ymin>
      <xmax>148</xmax>
      <ymax>118</ymax>
    </bndbox>
  </object>
  <object>
    <name>闭眼</name>
    <truncated>0</truncated>
    <difficult>0</difficult>
    <occluded>0</occluded>
    <bndbox>
      <xmin>167</xmin>
      <ymin>95</ymin>
      <xmax>202</xmax>
      <ymax>118</ymax>
    </bndbox>
  </object>
</annotation>