<?xml version="1.0" encoding="UTF-8"?>
<annotation>
  <filename>78_367.jpg</filename>
  <size>
    <width>416</width>
    <height>233</height>
    <depth>3</depth>
  </size>
  <segmented>0</segmented>
  <object>
    <name>闭眼</name>
    <truncated>0</truncated>
    <difficult>0</difficult>
    <occluded>0</occluded>
    <bndbox>
      <xmin>32</xmin>
      <ymin>40</ymin>
      <xmax>83</xmax>
      <ymax>69</ymax>
    </bndbox>
  </object>
  <object>
    <name>闭眼</name>
    <truncated>0</truncated>
    <difficult>0</difficult>
    <occluded>0</occluded>
    <bndbox>
      <xmin>133</xmin>
      <ymin>40</ymin>
      <xmax>188</xmax>
      <ymax>70</ymax>
    </bndbox>
  </object>
  <object>
    <name>闭眼</name>
    <truncated>0</truncated>
    <difficult>0</difficult>
    <occluded>0</occluded>
    <bndbox>
      <xmin>240</xmin>
      <ymin>52</ymin>
      <xmax>304</xmax>
      <ymax>82</ymax>
    </bndbox>
  </object>
  <object>
    <name>闭眼</name>
    <truncated>0</truncated>
    <difficult>0</difficult>
    <occluded>0</occluded>
    <bndbox>
      <xmin>344</xmin>
      <ymin>47</ymin>
      <xmax>408</xmax>
      <ymax>79</ymax>
    </bndbox>
  </object>
</annotation>