<?xml version="1.0" encoding="UTF-8"?>
<annotation>
  <filename>78_41.jpg</filename>
  <size>
    <width>416</width>
    <height>233</height>
    <depth>3</depth>
  </size>
  <segmented>0</segmented>
  <object>
    <name>闭眼</name>
    <truncated>0</truncated>
    <difficult>0</difficult>
    <occluded>0</occluded>
    <bndbox>
      <xmin>30</xmin>
      <ymin>36</ymin>
      <xmax>88</xmax>
      <ymax>71</ymax>
    </bndbox>
  </object>
  <object>
    <name>闭眼</name>
    <truncated>0</truncated>
    <difficult>0</difficult>
    <occluded>0</occluded>
    <bndbox>
      <xmin>123</xmin>
      <ymin>29</ymin>
      <xmax>193</xmax>
      <ymax>75</ymax>
    </bndbox>
  </object>
  <object>
    <name>闭眼</name>
    <truncated>0</truncated>
    <difficult>0</difficult>
    <occluded>0</occluded>
    <bndbox>
      <xmin>243</xmin>
      <ymin>47</ymin>
      <xmax>297</xmax>
      <ymax>84</ymax>
    </bndbox>
  </object>
  <object>
    <name>闭眼</name>
    <truncated>0</truncated>
    <difficult>0</difficult>
    <occluded>0</occluded>
    <bndbox>
      <xmin>338</xmin>
      <ymin>41</ymin>
      <xmax>408</xmax>
      <ymax>78</ymax>
    </bndbox>
  </object>
</annotation>