<?xml version="1.0" encoding="UTF-8"?>
<annotation>
  <filename>79_333.jpg</filename>
  <size>
    <width>416</width>
    <height>416</height>
    <depth>3</depth>
  </size>
  <segmented>0</segmented>
  <object>
    <name>闭眼</name>
    <truncated>0</truncated>
    <difficult>0</difficult>
    <occluded>0</occluded>
    <bndbox>
      <xmin>208</xmin>
      <ymin>89</ymin>
      <xmax>241</xmax>
      <ymax>122</ymax>
    </bndbox>
  </object>
  <object>
    <name>闭眼</name>
    <truncated>0</truncated>
    <difficult>0</difficult>
    <occluded>0</occluded>
    <bndbox>
      <xmin>269</xmin>
      <ymin>66</ymin>
      <xmax>349</xmax>
      <ymax>119</ymax>
    </bndbox>
  </object>
</annotation>