<?xml version="1.0" encoding="UTF-8"?>
<annotation>
  <filename>79_42.jpg</filename>
  <size>
    <width>416</width>
    <height>416</height>
    <depth>3</depth>
  </size>
  <segmented>0</segmented>
  <object>
    <name>闭眼</name>
    <truncated>0</truncated>
    <difficult>0</difficult>
    <occluded>0</occluded>
    <bndbox>
      <xmin>204</xmin>
      <ymin>84</ymin>
      <xmax>240</xmax>
      <ymax>123</ymax>
    </bndbox>
  </object>
  <object>
    <name>闭眼</name>
    <truncated>0</truncated>
    <difficult>0</difficult>
    <occluded>0</occluded>
    <bndbox>
      <xmin>265</xmin>
      <ymin>68</ymin>
      <xmax>354</xmax>
      <ymax>119</ymax>
    </bndbox>
  </object>
</annotation>