<?xml version="1.0" encoding="UTF-8"?>
<annotation>
  <filename>80_335.jpg</filename>
  <size>
    <width>277</width>
    <height>416</height>
    <depth>3</depth>
  </size>
  <segmented>0</segmented>
  <object>
    <name>闭眼</name>
    <truncated>0</truncated>
    <difficult>0</difficult>
    <occluded>0</occluded>
    <bndbox>
      <xmin>110</xmin>
      <ymin>151</ymin>
      <xmax>155</xmax>
      <ymax>185</ymax>
    </bndbox>
  </object>
  <object>
    <name>闭眼</name>
    <truncated>0</truncated>
    <difficult>0</difficult>
    <occluded>0</occluded>
    <bndbox>
      <xmin>183</xmin>
      <ymin>159</ymin>
      <xmax>221</xmax>
      <ymax>200</ymax>
    </bndbox>
  </object>
</annotation>