<?xml version="1.0" encoding="UTF-8"?>
<annotation>
  <filename>80_43.jpg</filename>
  <size>
    <width>277</width>
    <height>416</height>
    <depth>3</depth>
  </size>
  <segmented>0</segmented>
  <object>
    <name>闭眼</name>
    <truncated>0</truncated>
    <difficult>0</difficult>
    <occluded>0</occluded>
    <bndbox>
      <xmin>109</xmin>
      <ymin>150</ymin>
      <xmax>156</xmax>
      <ymax>186</ymax>
    </bndbox>
  </object>
  <object>
    <name>闭眼</name>
    <truncated>0</truncated>
    <difficult>0</difficult>
    <occluded>0</occluded>
    <bndbox>
      <xmin>178</xmin>
      <ymin>154</ymin>
      <xmax>219</xmax>
      <ymax>195</ymax>
    </bndbox>
  </object>
</annotation>