<?xml version="1.0" encoding="UTF-8"?>
<annotation>
  <filename>82_332.jpg</filename>
  <size>
    <width>416</width>
    <height>277</height>
    <depth>3</depth>
  </size>
  <segmented>0</segmented>
  <object>
    <name>闭眼</name>
    <truncated>0</truncated>
    <difficult>0</difficult>
    <occluded>0</occluded>
    <bndbox>
      <xmin>214</xmin>
      <ymin>95</ymin>
      <xmax>231</xmax>
      <ymax>113</ymax>
    </bndbox>
  </object>
  <object>
    <name>闭眼</name>
    <truncated>0</truncated>
    <difficult>0</difficult>
    <occluded>0</occluded>
    <bndbox>
      <xmin>193</xmin>
      <ymin>97</ymin>
      <xmax>210</xmax>
      <ymax>114</ymax>
    </bndbox>
  </object>
</annotation>