<?xml version="1.0" encoding="UTF-8"?>
<annotation>
  <filename>82_45.jpg</filename>
  <size>
    <width>416</width>
    <height>277</height>
    <depth>3</depth>
  </size>
  <segmented>0</segmented>
  <object>
    <name>闭眼</name>
    <truncated>0</truncated>
    <difficult>0</difficult>
    <occluded>0</occluded>
    <bndbox>
      <xmin>193</xmin>
      <ymin>96</ymin>
      <xmax>208</xmax>
      <ymax>109</ymax>
    </bndbox>
  </object>
  <object>
    <name>闭眼</name>
    <truncated>0</truncated>
    <difficult>0</difficult>
    <occluded>0</occluded>
    <bndbox>
      <xmin>213</xmin>
      <ymin>95</ymin>
      <xmax>234</xmax>
      <ymax>112</ymax>
    </bndbox>
  </object>
</annotation>