<?xml version="1.0" encoding="UTF-8"?>
<annotation>
  <filename>83_336.jpg</filename>
  <size>
    <width>277</width>
    <height>416</height>
    <depth>3</depth>
  </size>
  <segmented>0</segmented>
  <object>
    <name>闭眼</name>
    <truncated>0</truncated>
    <difficult>0</difficult>
    <occluded>0</occluded>
    <bndbox>
      <xmin>60</xmin>
      <ymin>145</ymin>
      <xmax>94</xmax>
      <ymax>174</ymax>
    </bndbox>
  </object>
  <object>
    <name>闭眼</name>
    <truncated>0</truncated>
    <difficult>0</difficult>
    <occluded>0</occluded>
    <bndbox>
      <xmin>116</xmin>
      <ymin>145</ymin>
      <xmax>170</xmax>
      <ymax>175</ymax>
    </bndbox>
  </object>
</annotation>