<?xml version="1.0" encoding="UTF-8"?>
<annotation>
  <filename>83_46.jpg</filename>
  <size>
    <width>277</width>
    <height>416</height>
    <depth>3</depth>
  </size>
  <segmented>0</segmented>
  <object>
    <name>闭眼</name>
    <truncated>0</truncated>
    <difficult>0</difficult>
    <occluded>0</occluded>
    <bndbox>
      <xmin>63</xmin>
      <ymin>147</ymin>
      <xmax>95</xmax>
      <ymax>174</ymax>
    </bndbox>
  </object>
  <object>
    <name>闭眼</name>
    <truncated>0</truncated>
    <difficult>0</difficult>
    <occluded>0</occluded>
    <bndbox>
      <xmin>114</xmin>
      <ymin>142</ymin>
      <xmax>160</xmax>
      <ymax>172</ymax>
    </bndbox>
  </object>
</annotation>