<?xml version="1.0" encoding="UTF-8"?>
<annotation>
  <filename>85_337.jpg</filename>
  <size>
    <width>233</width>
    <height>416</height>
    <depth>3</depth>
  </size>
  <segmented>0</segmented>
  <object>
    <name>闭眼</name>
    <truncated>0</truncated>
    <difficult>0</difficult>
    <occluded>0</occluded>
    <bndbox>
      <xmin>66</xmin>
      <ymin>56</ymin>
      <xmax>126</xmax>
      <ymax>111</ymax>
    </bndbox>
  </object>
  <object>
    <name>闭眼</name>
    <truncated>0</truncated>
    <difficult>0</difficult>
    <occluded>0</occluded>
    <bndbox>
      <xmin>165</xmin>
      <ymin>97</ymin>
      <xmax>229</xmax>
      <ymax>164</ymax>
    </bndbox>
  </object>
</annotation>