<?xml version="1.0" encoding="UTF-8"?>
<annotation>
  <filename>8_299.jpg</filename>
  <size>
    <width>416</width>
    <height>326</height>
    <depth>3</depth>
  </size>
  <segmented>0</segmented>
  <object>
    <name>闭眼</name>
    <truncated>0</truncated>
    <difficult>0</difficult>
    <occluded>0</occluded>
    <bndbox>
      <xmin>28</xmin>
      <ymin>151</ymin>
      <xmax>156</xmax>
      <ymax>228</ymax>
    </bndbox>
  </object>
  <object>
    <name>闭眼</name>
    <truncated>0</truncated>
    <difficult>0</difficult>
    <occluded>0</occluded>
    <bndbox>
      <xmin>246</xmin>
      <ymin>158</ymin>
      <xmax>388</xmax>
      <ymax>228</ymax>
    </bndbox>
  </object>
</annotation>