<?xml version="1.0" encoding="UTF-8"?>
<annotation>
  <filename>8_5.jpg</filename>
  <size>
    <width>416</width>
    <height>326</height>
    <depth>3</depth>
  </size>
  <segmented>0</segmented>
  <object>
    <name>闭眼</name>
    <truncated>0</truncated>
    <difficult>0</difficult>
    <occluded>0</occluded>
    <bndbox>
      <xmin>28</xmin>
      <ymin>138</ymin>
      <xmax>162</xmax>
      <ymax>238</ymax>
    </bndbox>
  </object>
  <object>
    <name>闭眼</name>
    <truncated>0</truncated>
    <difficult>0</difficult>
    <occluded>0</occluded>
    <bndbox>
      <xmin>247</xmin>
      <ymin>141</ymin>
      <xmax>393</xmax>
      <ymax>234</ymax>
    </bndbox>
  </object>
</annotation>