<?xml version="1.0" encoding="UTF-8"?>
<annotation>
  <filename>90_340.jpg</filename>
  <size>
    <width>416</width>
    <height>268</height>
    <depth>3</depth>
  </size>
  <segmented>0</segmented>
  <object>
    <name>闭眼</name>
    <truncated>0</truncated>
    <difficult>0</difficult>
    <occluded>0</occluded>
    <bndbox>
      <xmin>86</xmin>
      <ymin>111</ymin>
      <xmax>183</xmax>
      <ymax>161</ymax>
    </bndbox>
  </object>
  <object>
    <name>闭眼</name>
    <truncated>0</truncated>
    <difficult>0</difficult>
    <occluded>0</occluded>
    <bndbox>
      <xmin>239</xmin>
      <ymin>104</ymin>
      <xmax>350</xmax>
      <ymax>163</ymax>
    </bndbox>
  </object>
</annotation>