<?xml version="1.0" encoding="UTF-8"?>
<annotation>
  <filename>90_52.jpg</filename>
  <size>
    <width>416</width>
    <height>268</height>
    <depth>3</depth>
  </size>
  <segmented>0</segmented>
  <object>
    <name>闭眼</name>
    <truncated>0</truncated>
    <difficult>0</difficult>
    <occluded>0</occluded>
    <bndbox>
      <xmin>81</xmin>
      <ymin>103</ymin>
      <xmax>185</xmax>
      <ymax>165</ymax>
    </bndbox>
  </object>
  <object>
    <name>闭眼</name>
    <truncated>0</truncated>
    <difficult>0</difficult>
    <occluded>0</occluded>
    <bndbox>
      <xmin>234</xmin>
      <ymin>104</ymin>
      <xmax>346</xmax>
      <ymax>155</ymax>
    </bndbox>
  </object>
</annotation>