<?xml version="1.0" encoding="UTF-8"?>
<annotation>
  <filename>91_341.jpg</filename>
  <size>
    <width>416</width>
    <height>268</height>
    <depth>3</depth>
  </size>
  <segmented>0</segmented>
  <object>
    <name>闭眼</name>
    <truncated>0</truncated>
    <difficult>0</difficult>
    <occluded>0</occluded>
    <bndbox>
      <xmin>81</xmin>
      <ymin>105</ymin>
      <xmax>182</xmax>
      <ymax>160</ymax>
    </bndbox>
  </object>
  <object>
    <name>闭眼</name>
    <truncated>0</truncated>
    <difficult>0</difficult>
    <occluded>0</occluded>
    <bndbox>
      <xmin>239</xmin>
      <ymin>104</ymin>
      <xmax>347</xmax>
      <ymax>159</ymax>
    </bndbox>
  </object>
</annotation>