<?xml version="1.0" encoding="UTF-8"?>
<annotation>
  <filename>91_51.jpg</filename>
  <size>
    <width>416</width>
    <height>268</height>
    <depth>3</depth>
  </size>
  <segmented>0</segmented>
  <object>
    <name>闭眼</name>
    <truncated>0</truncated>
    <difficult>0</difficult>
    <occluded>0</occluded>
    <bndbox>
      <xmin>76</xmin>
      <ymin>96</ymin>
      <xmax>179</xmax>
      <ymax>163</ymax>
    </bndbox>
  </object>
  <object>
    <name>闭眼</name>
    <truncated>0</truncated>
    <difficult>0</difficult>
    <occluded>0</occluded>
    <bndbox>
      <xmin>244</xmin>
      <ymin>104</ymin>
      <xmax>346</xmax>
      <ymax>160</ymax>
    </bndbox>
  </object>
</annotation>