<?xml version="1.0" encoding="UTF-8"?>
<annotation>
  <filename>92_342.jpg</filename>
  <size>
    <width>416</width>
    <height>277</height>
    <depth>3</depth>
  </size>
  <segmented>0</segmented>
  <object>
    <name>闭眼</name>
    <truncated>0</truncated>
    <difficult>0</difficult>
    <occluded>0</occluded>
    <bndbox>
      <xmin>104</xmin>
      <ymin>81</ymin>
      <xmax>122</xmax>
      <ymax>92</ymax>
    </bndbox>
  </object>
  <object>
    <name>闭眼</name>
    <truncated>0</truncated>
    <difficult>0</difficult>
    <occluded>0</occluded>
    <bndbox>
      <xmin>126</xmin>
      <ymin>75</ymin>
      <xmax>144</xmax>
      <ymax>89</ymax>
    </bndbox>
  </object>
</annotation>