<?xml version="1.0" encoding="UTF-8"?>
<annotation>
  <filename>92_53.jpg</filename>
  <size>
    <width>416</width>
    <height>277</height>
    <depth>3</depth>
  </size>
  <segmented>0</segmented>
  <object>
    <name>闭眼</name>
    <truncated>0</truncated>
    <difficult>0</difficult>
    <occluded>0</occluded>
    <bndbox>
      <xmin>101</xmin>
      <ymin>78</ymin>
      <xmax>123</xmax>
      <ymax>93</ymax>
    </bndbox>
  </object>
  <object>
    <name>闭眼</name>
    <truncated>0</truncated>
    <difficult>0</difficult>
    <occluded>0</occluded>
    <bndbox>
      <xmin>127</xmin>
      <ymin>76</ymin>
      <xmax>141</xmax>
      <ymax>87</ymax>
    </bndbox>
  </object>
</annotation>