<?xml version="1.0" encoding="UTF-8"?>
<annotation>
  <filename>95_343.jpg</filename>
  <size>
    <width>416</width>
    <height>277</height>
    <depth>3</depth>
  </size>
  <segmented>0</segmented>
  <object>
    <name>闭眼</name>
    <truncated>0</truncated>
    <difficult>0</difficult>
    <occluded>0</occluded>
    <bndbox>
      <xmin>164</xmin>
      <ymin>98</ymin>
      <xmax>198</xmax>
      <ymax>130</ymax>
    </bndbox>
  </object>
  <object>
    <name>闭眼</name>
    <truncated>0</truncated>
    <difficult>0</difficult>
    <occluded>0</occluded>
    <bndbox>
      <xmin>225</xmin>
      <ymin>93</ymin>
      <xmax>268</xmax>
      <ymax>122</ymax>
    </bndbox>
  </object>
</annotation>