<?xml version="1.0" encoding="UTF-8"?>
<annotation>
  <filename>95_55.jpg</filename>
  <size>
    <width>416</width>
    <height>277</height>
    <depth>3</depth>
  </size>
  <segmented>0</segmented>
  <object>
    <name>闭眼</name>
    <truncated>0</truncated>
    <difficult>0</difficult>
    <occluded>0</occluded>
    <bndbox>
      <xmin>166</xmin>
      <ymin>100</ymin>
      <xmax>198</xmax>
      <ymax>123</ymax>
    </bndbox>
  </object>
  <object>
    <name>闭眼</name>
    <truncated>0</truncated>
    <difficult>0</difficult>
    <occluded>0</occluded>
    <bndbox>
      <xmin>226</xmin>
      <ymin>88</ymin>
      <xmax>271</xmax>
      <ymax>119</ymax>
    </bndbox>
  </object>
</annotation>