<?xml version="1.0" encoding="UTF-8"?>
<annotation>
  <filename>96_56.jpg</filename>
  <size>
    <width>416</width>
    <height>367</height>
    <depth>3</depth>
  </size>
  <segmented>0</segmented>
  <object>
    <name>闭眼</name>
    <truncated>0</truncated>
    <difficult>0</difficult>
    <occluded>0</occluded>
    <bndbox>
      <xmin>81</xmin>
      <ymin>88</ymin>
      <xmax>136</xmax>
      <ymax>128</ymax>
    </bndbox>
  </object>
  <object>
    <name>闭眼</name>
    <truncated>0</truncated>
    <difficult>0</difficult>
    <occluded>0</occluded>
    <bndbox>
      <xmin>210</xmin>
      <ymin>92</ymin>
      <xmax>304</xmax>
      <ymax>139</ymax>
    </bndbox>
  </object>
</annotation>